fondo,fecha,vcp
Gainvest Balanceado - Clase A,2019-08-14,5.127897
Gainvest Balanceado - Clase A,2019-08-15,5.135303
Gainvest Balanceado - Clase A,2019-08-16,5.127491
Gainvest Balanceado - Clase A,2019-08-20,5.163091
Gainvest Balanceado - Clase A,2019-08-21,5.171688
Gainvest Balanceado - Clase A,2019-08-22,5.180277
Gainvest Balanceado - Clase A,2019-08-23,5.188882
Gainvest Balanceado - Clase A,2019-08-26,5.215123
Gainvest Balanceado - Clase A,2019-08-27,5.223935
Gainvest Balanceado - Clase A,2019-08-28,5.232753
Gainvest Balanceado - Clase A,2019-09-04,5.252231
Gainvest Balanceado - Clase A,2019-09-05,5.259969
Gainvest Balanceado - Clase A,2019-09-09,5.300495
Gainvest Balanceado - Clase A,2019-09-10,5.308411
Gainvest Balanceado - Clase A,2019-09-12,5.323848
Gainvest Balanceado - Clase A,2019-09-13,5.331852
Gainvest Balanceado - Clase A,2019-09-16,5.355999
Gainvest Balanceado - Clase A,2019-09-17,5.364084
Gainvest Balanceado - Clase A,2019-09-18,5.372387
Gainvest Balanceado - Clase A,2019-09-19,5.380796
Gainvest Balanceado - Clase A,2019-09-23,5.414522
Gainvest Balanceado - Clase A,2019-09-24,5.422983
Gainvest Balanceado - Clase A,2019-09-25,5.43145
Gainvest Balanceado - Clase A,2019-09-26,5.440001
Gainvest Balanceado - Clase A,2019-09-27,5.44854
Gainvest Balanceado - Clase A,2019-10-01,5.47991
Gainvest Balanceado - Clase A,2019-10-02,5.486009
Gainvest Balanceado - Clase A,2019-10-03,5.492446
Gainvest Balanceado - Clase A,2019-10-04,5.498904
Gainvest Balanceado - Clase A,2019-10-07,5.51493
Gainvest Balanceado - Clase A,2019-10-08,5.52144
Gainvest Balanceado - Clase A,2019-10-09,5.527946
Gainvest Balanceado - Clase A,2019-10-10,5.534151
Gainvest Balanceado - Clase A,2019-10-11,5.540324
Gainvest Balanceado - Clase A,2019-10-15,5.565059
Gainvest Balanceado - Clase A,2019-10-16,5.571248
Gainvest Balanceado - Clase A,2019-10-17,5.577488
Gainvest Balanceado - Clase A,2019-10-18,5.583818
Gainvest Balanceado - Clase A,2019-10-21,5.602967
Gainvest Balanceado - Clase A,2019-10-22,5.609353
Gainvest Balanceado - Clase A,2019-10-23,5.615736
Gainvest Balanceado - Clase A,2019-10-24,5.622133
Gainvest Balanceado - Clase A,2019-10-25,5.628628
Gainvest Balanceado - Clase A,2019-10-28,5.648112
Gainvest Balanceado - Clase A,2019-10-29,5.634381
Gainvest Balanceado - Clase A,2019-10-30,5.642949
Gainvest Balanceado - Clase A,2019-10-31,5.631077
Gainvest Balanceado - Clase A,2019-11-01,5.642007
Gainvest Balanceado - Clase A,2019-11-04,5.674987
Gainvest Balanceado - Clase A,2019-11-05,5.686028
Gainvest Balanceado - Clase A,2019-11-07,5.704473
Gainvest Balanceado - Clase A,2019-11-08,5.713549
Gainvest Balanceado - Clase A,2019-11-11,5.720261
Gainvest Balanceado - Clase A,2019-11-12,5.722496
Gainvest Balanceado - Clase A,2019-11-13,5.72473
Gainvest Balanceado - Clase A,2019-11-14,5.726701
Gainvest Balanceado - Clase A,2019-11-15,5.728669
Gainvest Balanceado - Clase A,2019-11-19,5.737172
Gainvest Balanceado - Clase A,2019-11-20,5.73886
Gainvest Balanceado - Clase A,2019-11-21,5.740319
Gainvest Balanceado - Clase A,2019-11-22,5.74246
Gainvest Balanceado - Clase A,2019-11-25,5.747784
Gainvest Balanceado - Clase A,2019-11-26,5.749382
Gainvest Balanceado - Clase A,2019-11-27,5.751759
Gainvest Balanceado - Clase A,2019-11-28,5.753799
Gainvest Balanceado - Clase A,2019-12-02,6.055929
Gainvest Balanceado - Clase A,2019-12-03,6.055853
Gainvest Balanceado - Clase A,2019-12-04,1.269277
Gainvest Balanceado - Clase A,2019-12-05,6.05989
Gainvest Balanceado - Clase A,2019-12-06,6.051554
Gainvest Balanceado - Clase A,2019-12-09,5.914983
Gainvest Balanceado - Clase A,2019-12-10,5.817495
Gainvest Balanceado - Clase A,2019-12-12,5.667282
Gainvest Balanceado - Clase A,2019-12-13,5.719218
Gainvest Balanceado - Clase A,2019-12-16,5.937409
Gainvest Balanceado - Clase A,2019-12-17,5.971162
Gainvest Balanceado - Clase A,2019-12-18,5.902526
Gainvest Balanceado - Clase A,2019-12-19,5.878791
Gainvest Balanceado - Clase A,2019-12-20,5.898421
Gainvest Balanceado - Clase A,2019-12-23,6.131447
Gainvest Balanceado - Clase A,2019-12-26,6.219756
Gainvest Balanceado - Clase A,2019-12-27,6.22126
Gainvest Balanceado - Clase A,2019-12-30,6.331018
Gainvest Balanceado - Clase A,2020-01-02,6.4312
Gainvest Balanceado - Clase A,2020-01-03,6.515865
Gainvest Balanceado - Clase A,2020-01-06,6.538824
Gainvest Balanceado - Clase A,2020-01-07,6.573702
Gainvest Balanceado - Clase A,2020-01-08,6.578836
Gainvest Balanceado - Clase A,2020-01-09,6.809499
Gainvest Balanceado - Clase A,2020-01-10,6.963916
Gainvest Balanceado - Clase A,2020-01-13,7.025056
Gainvest Balanceado - Clase A,2020-01-14,6.961153
Gainvest Balanceado - Clase A,2020-01-15,7.019845
Gainvest Balanceado - Clase A,2020-01-16,7.062268
Gainvest Balanceado - Clase A,2020-01-17,7.010352
Gainvest Balanceado - Clase A,2020-01-20,7.011618
Gainvest Balanceado - Clase A,2020-01-21,7.037366
Gainvest Balanceado - Clase A,2020-01-22,7.075954
Gainvest Balanceado - Clase A,2020-01-23,7.155593
Gainvest Balanceado - Clase A,2020-01-24,7.180042
Gainvest Balanceado - Clase A,2020-01-27,7.188218
Gainvest Balanceado - Clase A,2020-01-28,7.244787
Gainvest Balanceado - Clase A,2020-01-29,7.209189
Gainvest Balanceado - Clase A,2020-01-30,7.252155
Gainvest Balanceado - Clase A,2020-01-31,7.308253
Gainvest Balanceado - Clase A,2020-02-03,7.22949
Gainvest Balanceado - Clase A,2020-02-04,7.288719
Gainvest Balanceado - Clase A,2020-02-05,7.25442
Gainvest Balanceado - Clase A,2020-02-06,7.250553
Gainvest Balanceado - Clase A,2020-02-07,7.232414
Gainvest Balanceado - Clase A,2020-02-10,7.210098
Gainvest Balanceado - Clase A,2020-02-11,7.218815
Gainvest Balanceado - Clase A,2020-02-12,7.171149
Gainvest Balanceado - Clase A,2020-02-13,7.230435
Gainvest Balanceado - Clase A,2020-02-14,7.221805
Gainvest Balanceado - Clase A,2020-02-17,7.155978
Gainvest Balanceado - Clase A,2020-02-18,7.111771
Gainvest Balanceado - Clase A,2020-02-19,7.122336
Gainvest Balanceado - Clase A,2020-02-20,7.083046
Gainvest Balanceado - Clase A,2020-02-21,7.060909
Gainvest Balanceado - Clase A,2020-02-26,7.08086
Gainvest Balanceado - Clase A,2020-02-27,7.078815
Gainvest Balanceado - Clase A,2020-02-28,7.178602
Gainvest Balanceado - Clase A,2020-03-02,7.193354
Gainvest Balanceado - Clase A,2020-03-03,7.146684
Gainvest Balanceado - Clase A,2020-03-04,7.112092
Gainvest Balanceado - Clase A,2020-03-05,7.121226
Gainvest Balanceado - Clase A,2020-03-06,7.216589
Gainvest Balanceado - Clase A,2020-03-09,7.478443
Gainvest Balanceado - Clase A,2020-03-10,7.354434
Gainvest Balanceado - Clase A,2020-03-11,7.508108
Gainvest Balanceado - Clase A,2020-03-12,7.692368
Gainvest Balanceado - Clase A,2020-03-16,7.734833
Gainvest Balanceado - Clase A,2020-03-17,7.619264
Gainvest Balanceado - Clase A,2020-03-18,7.706652
Gainvest Balanceado - Clase A,2020-03-19,7.747369
Gainvest Balanceado - Clase A,2020-03-20,7.748452
Gainvest Balanceado - Clase A,2020-03-25,7.591685
Gainvest Balanceado - Clase A,2020-03-26,7.353688
Gainvest Balanceado - Clase A,2020-03-27,7.509777
Gainvest Balanceado - Clase A,2020-03-30,7.50587
Gainvest Balanceado - Clase A,2020-04-01,7.668079
Gainvest Balanceado - Clase A,2020-04-02,7.651642
Gainvest Balanceado - Clase A,2020-04-03,7.689831
Gainvest Balanceado - Clase A,2020-04-06,7.799045
Gainvest Balanceado - Clase A,2020-04-07,7.851081
Gainvest Balanceado - Clase A,2020-04-08,8.102618
Gainvest Balanceado - Clase A,2020-04-13,8.56821
Gainvest Balanceado - Clase A,2020-04-14,8.953578
Gainvest Balanceado - Clase A,2020-04-15,9.114785
Gainvest Balanceado - Clase A,2020-04-16,8.726442
Gainvest Balanceado - Clase A,2020-04-17,8.493693
Gainvest Balanceado - Clase A,2020-04-20,8.803125
Gainvest Balanceado - Clase A,2020-04-21,9.104077
Gainvest Balanceado - Clase A,2020-04-22,9.180312
Gainvest Balanceado - Clase A,2020-04-23,9.25967
Gainvest Balanceado - Clase A,2020-04-24,9.146815
Gainvest Balanceado - Clase A,2020-04-27,9.499277
Gainvest Balanceado - Clase A,2020-04-28,9.752874
Gainvest Balanceado - Clase A,2020-04-29,9.200444
Gainvest Balanceado - Clase A,2020-04-30,9.407922
Gainvest Balanceado - Clase A,2020-05-04,9.316264
Gainvest Balanceado - Clase A,2020-05-05,9.838369
Gainvest Balanceado - Clase A,2020-05-06,9.810595
Gainvest Balanceado - Clase A,2020-05-07,9.835032
Gainvest Balanceado - Clase A,2020-05-08,9.66956
Gainvest Balanceado - Clase A,2020-05-11,9.902961
Gainvest Balanceado - Clase A,2020-05-12,10.151861
Gainvest Balanceado - Clase A,2020-05-13,10.388009
Gainvest Balanceado - Clase A,2020-05-14,10.332356
Gainvest Balanceado - Clase A,2020-05-15,10.314412
Gainvest Balanceado - Clase A,2020-05-18,10.3171
Gainvest Balanceado - Clase A,2020-05-19,10.453133
Gainvest Balanceado - Clase A,2020-05-20,10.462403
Gainvest Balanceado - Clase A,2020-05-21,10.550179
Gainvest Balanceado - Clase A,2020-05-22,10.58259
Gainvest Balanceado - Clase A,2020-05-26,10.740082
Gainvest Balanceado - Clase A,2020-05-27,10.974072
Gainvest Balanceado - Clase A,2020-05-28,10.981013
Gainvest Balanceado - Clase A,2020-05-29,10.975284
Gainvest Balanceado - Clase A,2020-06-01,10.977335
Gainvest Balanceado - Clase A,2020-06-02,10.911927
Gainvest Balanceado - Clase A,2020-06-03,10.953355
Gainvest Balanceado - Clase A,2020-06-04,10.857189
Gainvest Balanceado - Clase A,2020-06-05,10.857235
Gainvest Balanceado - Clase A,2020-06-08,10.857382
Gainvest Balanceado - Clase A,2020-06-09,10.733379
Gainvest Balanceado - Clase A,2020-06-10,10.900186
Gainvest Balanceado - Clase A,2020-06-11,10.913585
Gainvest Balanceado - Clase A,2020-06-12,10.95607
Gainvest Balanceado - Clase A,2020-06-16,11.136867
Gainvest Balanceado - Clase A,2020-06-17,11.250269
Gainvest Balanceado - Clase A,2020-06-18,11.220198
Gainvest Balanceado - Clase A,2020-06-19,11.359003
Gainvest Balanceado - Clase A,2020-06-22,11.412058
Gainvest Balanceado - Clase A,2020-06-23,11.399554
Gainvest Balanceado - Clase A,2020-06-24,11.402135
Gainvest Balanceado - Clase A,2020-06-25,11.394838
Gainvest Balanceado - Clase A,2020-06-26,11.392871
Gainvest Balanceado - Clase A,2020-06-29,11.517263
Gainvest Balanceado - Clase A,2020-06-30,11.555878
Gainvest Balanceado - Clase A,2020-07-01,11.705487
Gainvest Balanceado - Clase A,2020-07-02,11.718586
Gainvest Balanceado - Clase A,2020-07-03,11.727996
Gainvest Balanceado - Clase A,2020-07-06,11.757085
Gainvest Balanceado - Clase A,2020-07-07,11.791907
Gainvest Balanceado - Clase A,2020-07-08,11.798887
Gainvest Balanceado - Clase A,2020-07-13,11.756452
Gainvest Balanceado - Clase A,2020-07-14,11.727077
Gainvest Balanceado - Clase A,2020-07-15,11.703606
Gainvest Balanceado - Clase A,2020-07-16,11.743594
Gainvest Balanceado - Clase A,2020-07-17,11.822086
Gainvest Balanceado - Clase A,2020-07-20,11.812448
Gainvest Balanceado - Clase A,2020-07-21,11.870924
Gainvest Balanceado - Clase A,2020-07-22,11.941347
Gainvest Balanceado - Clase A,2020-07-23,11.969252
Gainvest Balanceado - Clase A,2020-07-24,12.003478
Gainvest Balanceado - Clase A,2020-07-27,12.019834
Gainvest Balanceado - Clase A,2020-07-28,12.029727
Gainvest Balanceado - Clase A,2020-07-29,12.02729
Gainvest Balanceado - Clase A,2020-07-30,12.150129
Gainvest Balanceado - Clase A,2020-07-31,12.20675
Gainvest Balanceado - Clase A,2020-08-03,12.32743
Gainvest Balanceado - Clase A,2020-08-04,12.424902
Gainvest Balanceado - Clase A,2020-08-05,12.574335
Gainvest Balanceado - Clase A,2020-08-06,12.621052
Gainvest Balanceado - Clase A,2020-08-07,12.565015
Gainvest Balanceado - Clase A,2020-08-10,12.548291
Gainvest Balanceado - Clase A,2020-08-11,12.564253
Gainvest Balanceado - Clase A,2020-08-12,12.441806
Gainvest Balanceado - Clase A,2020-08-13,12.3755
Gainvest Balanceado - Clase A,2020-08-14,12.269291
Gainvest Balanceado - Clase A,2020-08-18,12.068421
Gainvest Balanceado - Clase A,2020-08-19,12.175218
Gainvest Balanceado - Clase A,2020-08-20,12.250975
Gainvest Balanceado - Clase A,2020-08-21,12.404878
Gainvest Balanceado - Clase A,2020-08-24,12.369715
Gainvest Balanceado - Clase A,2020-08-25,12.338326
Gainvest Balanceado - Clase A,2020-08-26,12.25239
Gainvest Balanceado - Clase A,2020-08-27,12.257916
Gainvest Balanceado - Clase A,2020-08-28,12.319508
Gainvest Balanceado - Clase A,2020-08-31,12.405341
Gainvest Balanceado - Clase A,2020-09-01,12.463719
Gainvest Balanceado - Clase A,2020-09-02,12.491255
Gainvest Balanceado - Clase A,2020-09-03,12.508705
Gainvest Balanceado - Clase A,2020-09-04,12.497516
Gainvest Balanceado - Clase A,2020-09-07,12.510783
Gainvest Balanceado - Clase A,2020-09-08,12.486692
Gainvest Balanceado - Clase A,2020-09-09,12.47474
Gainvest Balanceado - Clase A,2020-09-10,12.494661
Gainvest Balanceado - Clase A,2020-09-11,12.482976
Gainvest Balanceado - Clase A,2020-09-14,12.5015
Gainvest Balanceado - Clase A,2020-09-15,12.488533
Gainvest Balanceado - Clase A,2020-09-16,12.510487
Gainvest Balanceado - Clase A,2020-09-17,12.523843
Gainvest Balanceado - Clase A,2020-09-18,12.554121
Gainvest Balanceado - Clase A,2020-09-21,12.569644
Gainvest Balanceado - Clase A,2020-09-22,12.58599
Gainvest Balanceado - Clase A,2020-09-23,12.508717
Gainvest Balanceado - Clase A,2020-09-24,12.486087
Gainvest Balanceado - Clase A,2020-09-25,12.479565
Gainvest Balanceado - Clase A,2020-09-28,12.471093
Gainvest Balanceado - Clase A,2020-09-29,12.484863
Gainvest Balanceado - Clase A,2020-09-30,12.524649
Gainvest Balanceado - Clase A,2020-10-01,12.565776
Gainvest Balanceado - Clase A,2020-10-02,12.627795
Gainvest Balanceado - Clase A,2020-10-05,12.610667
Gainvest Balanceado - Clase A,2020-10-06,12.538318
Gainvest Balanceado - Clase A,2020-10-07,12.467645
Gainvest Balanceado - Clase A,2020-10-08,12.455775
Gainvest Balanceado - Clase A,2020-10-09,12.314912
Gainvest Balanceado - Clase A,2020-10-13,12.20353
Gainvest Balanceado - Clase A,2020-10-14,12.265743
Gainvest Balanceado - Clase A,2020-10-15,12.0418
Gainvest Balanceado - Clase A,2020-10-16,12.178813
Gainvest Balanceado - Clase A,2020-10-19,12.18797
Gainvest Balanceado - Clase A,2020-10-20,12.219889
Gainvest Balanceado - Clase A,2020-10-21,12.152926
Gainvest Balanceado - Clase A,2020-10-22,12.005433
Gainvest Balanceado - Clase A,2020-10-23,12.010005
Gainvest Balanceado - Clase A,2020-10-26,11.715693
Gainvest Balanceado - Clase A,2020-10-27,11.664129
Gainvest Balanceado - Clase A,2020-10-28,11.715528
Gainvest Balanceado - Clase A,2020-10-29,12.006861
Gainvest Balanceado - Clase A,2020-10-30,12.094448
Gainvest Balanceado - Clase A,2020-11-02,12.148255
Gainvest Balanceado - Clase A,2020-11-03,12.314525
Gainvest Balanceado - Clase A,2020-11-04,12.461337
Gainvest Balanceado - Clase A,2020-11-05,12.524337
Gainvest Balanceado - Clase A,2020-11-09,12.594198
Gainvest Balanceado - Clase A,2020-11-10,12.612062
Gainvest Balanceado - Clase A,2020-11-11,12.728714
Gainvest Balanceado - Clase A,2020-11-12,12.918788
Gainvest Balanceado - Clase A,2020-11-13,12.921948
Gainvest Balanceado - Clase A,2020-11-16,12.85237
Gainvest Balanceado - Clase A,2020-11-17,12.761681
Gainvest Balanceado - Clase A,2020-11-18,12.775189
Gainvest Balanceado - Clase A,2020-11-19,12.8159
Gainvest Balanceado - Clase A,2020-11-20,12.874756
Gainvest Balanceado - Clase A,2020-11-24,12.895978
Gainvest Balanceado - Clase A,2020-11-25,12.908224
Gainvest Balanceado - Clase A,2020-11-26,12.952913
Gainvest Balanceado - Clase A,2020-11-27,12.968473
Gainvest Balanceado - Clase A,2020-11-30,12.97418
Gainvest Balanceado - Clase A,2020-12-01,13.034544
Gainvest Balanceado - Clase A,2020-12-02,13.056888
Gainvest Balanceado - Clase A,2020-12-03,13.118
Gainvest Balanceado - Clase A,2020-12-04,13.173472
Gainvest Balanceado - Clase A,2020-12-09,13.154084
Gainvest Balanceado - Clase A,2020-12-10,13.158712
Gainvest Balanceado - Clase A,2020-12-11,13.056238
Gainvest Balanceado - Clase A,2020-12-14,12.956894
Gainvest Balanceado - Clase A,2020-12-15,12.956894
Gainvest Balanceado - Clase A,2020-12-16,13.041262
Gainvest Balanceado - Clase A,2020-12-17,13.094169
Gainvest Balanceado - Clase A,2020-12-18,13.093827
Gainvest Balanceado - Clase A,2020-12-21,13.107235
Gainvest Balanceado - Clase A,2020-12-22,13.217736
Gainvest Balanceado - Clase A,2020-12-23,13.271988
Gainvest Balanceado - Clase A,2020-12-28,13.375294
Gainvest Balanceado - Clase A,2020-12-29,13.475451
Gainvest Balanceado - Clase A,2020-12-30,13.595489
Gainvest Balanceado - Clase A,2021-01-04,13.60892
Gainvest Balanceado - Clase A,2021-01-05,13.656594
Gainvest Balanceado - Clase A,2021-01-06,13.684832
Gainvest Balanceado - Clase A,2021-01-07,13.702021
Gainvest Balanceado - Clase A,2021-01-08,13.688146
Gainvest Balanceado - Clase A,2021-01-11,13.658663
Gainvest Balanceado - Clase A,2021-01-12,13.682553
Gainvest Balanceado - Clase A,2021-01-13,13.686707
Gainvest Balanceado - Clase A,2021-01-14,13.753075
Gainvest Balanceado - Clase A,2021-01-15,13.810169
Gainvest Balanceado - Clase A,2021-01-18,13.879208
Gainvest Balanceado - Clase A,2021-01-19,13.934391
Gainvest Balanceado - Clase A,2021-01-20,13.976805
Gainvest Balanceado - Clase A,2021-01-21,14.01725
Gainvest Balanceado - Clase A,2021-01-22,14.046561
Gainvest Balanceado - Clase A,2021-01-25,14.066361
Gainvest Balanceado - Clase A,2021-01-26,14.099729
Gainvest Balanceado - Clase A,2021-01-27,14.133699
Gainvest Balanceado - Clase A,2021-01-28,14.164981
Gainvest Balanceado - Clase A,2021-01-29,14.241983
Gainvest Balanceado - Clase A,2021-02-01,14.303377
Gainvest Balanceado - Clase A,2021-02-02,14.457993
Gainvest Balanceado - Clase A,2021-02-03,14.425286
Gainvest Balanceado - Clase A,2021-02-04,14.514269
Gainvest Balanceado - Clase A,2021-02-05,14.413335
Gainvest Balanceado - Clase A,2021-02-08,14.422166
Gainvest Balanceado - Clase A,2021-02-09,14.44666
Gainvest Balanceado - Clase A,2021-02-10,14.490893
Gainvest Balanceado - Clase A,2021-02-11,14.560958
Gainvest Balanceado - Clase A,2021-02-12,14.651706
Gainvest Balanceado - Clase A,2021-02-17,14.749122
Gainvest Balanceado - Clase A,2021-02-18,14.762054
Gainvest Balanceado - Clase A,2021-02-19,14.752068
Gainvest Balanceado - Clase A,2021-02-22,14.764588
Gainvest Balanceado - Clase A,2021-02-23,14.785603
Gainvest Balanceado - Clase A,2021-02-24,14.799828
Gainvest Balanceado - Clase A,2021-02-25,14.827384
Gainvest Balanceado - Clase A,2021-02-26,14.860153
Gainvest Balanceado - Clase A,2021-03-01,14.948856
Gainvest Balanceado - Clase A,2021-03-02,14.984423
Gainvest Balanceado - Clase A,2021-03-03,15.036159
Gainvest Balanceado - Clase A,2021-03-04,15.055359
Gainvest Balanceado - Clase A,2021-03-05,15.024289
Gainvest Balanceado - Clase A,2021-03-08,14.934531
Gainvest Balanceado - Clase A,2021-03-09,14.954223
Gainvest Balanceado - Clase A,2021-03-10,14.962314
Gainvest Balanceado - Clase A,2021-03-11,14.96629
Gainvest Balanceado - Clase A,2021-03-12,15.001017
Gainvest Balanceado - Clase A,2021-03-15,15.046143
Gainvest Balanceado - Clase A,2021-03-16,15.060283
Gainvest Balanceado - Clase A,2021-03-17,15.021055
Gainvest Balanceado - Clase A,2021-03-18,15.017163
Gainvest Balanceado - Clase A,2021-03-19,15.038426
Gainvest Balanceado - Clase A,2021-03-22,15.063433
Gainvest Balanceado - Clase A,2021-03-23,15.093358
Gainvest Balanceado - Clase A,2021-03-25,15.089394
Gainvest Balanceado - Clase A,2021-03-26,15.072214
Gainvest Balanceado - Clase A,2021-03-29,15.044805
Gainvest Balanceado - Clase A,2021-03-30,15.060868
Gainvest Balanceado - Clase A,2021-03-31,15.100061
Gainvest Balanceado - Clase A,2021-04-05,15.119625
Gainvest Balanceado - Clase A,2021-04-06,15.113843
Gainvest Balanceado - Clase A,2021-04-07,15.124589
Gainvest Balanceado - Clase A,2021-04-08,15.175049
Gainvest Balanceado - Clase A,2021-04-09,15.196344
Gainvest Balanceado - Clase A,2021-04-12,15.202759
Gainvest Balanceado - Clase A,2021-04-13,15.240805
Gainvest Balanceado - Clase A,2021-04-14,15.257841
Gainvest Balanceado - Clase A,2021-04-15,15.320821
Gainvest Balanceado - Clase A,2021-04-16,15.391611
Gainvest Balanceado - Clase A,2021-04-19,15.450888
Gainvest Balanceado - Clase A,2021-04-20,15.455434
Gainvest Balanceado - Clase A,2021-04-21,15.471523
Gainvest Balanceado - Clase A,2021-04-22,15.493381
Gainvest Balanceado - Clase A,2021-04-23,15.509874
Gainvest Balanceado - Clase A,2021-04-26,15.518764
Gainvest Balanceado - Clase A,2021-04-27,15.524037
Gainvest Balanceado - Clase A,2021-04-28,15.529374
Gainvest Balanceado - Clase A,2021-04-29,15.583287
Gainvest Balanceado - Clase A,2021-04-30,15.661281
Gainvest Balanceado - Clase A,2021-05-03,15.724369
Gainvest Balanceado - Clase A,2021-05-04,15.685705
Gainvest Balanceado - Clase A,2021-05-05,15.705051
Gainvest Balanceado - Clase A,2021-05-06,15.74838
Gainvest Balanceado - Clase A,2021-05-07,15.774792
Gainvest Balanceado - Clase A,2021-05-10,15.807072
Gainvest Balanceado - Clase A,2021-05-11,15.842174
Gainvest Balanceado - Clase A,2021-05-12,15.886182
Gainvest Balanceado - Clase A,2021-05-13,15.95779
Gainvest Balanceado - Clase A,2021-05-14,15.963897
Gainvest Balanceado - Clase A,2021-05-17,15.967885
Gainvest Balanceado - Clase A,2021-05-18,15.985532
Gainvest Balanceado - Clase A,2021-05-19,16.011598
Gainvest Balanceado - Clase A,2021-05-20,16.095129
Gainvest Balanceado - Clase A,2021-05-21,16.149529
Gainvest Balanceado - Clase A,2021-05-26,16.161325
Gainvest Balanceado - Clase A,2021-05-27,16.19834
Gainvest Balanceado - Clase A,2021-05-28,16.223578
Gainvest Balanceado - Clase A,2021-05-31,16.255988
Gainvest Balanceado - Clase A,2021-06-01,16.294776
Gainvest Balanceado - Clase A,2021-06-02,16.3623
Gainvest Balanceado - Clase A,2021-06-03,16.411402
Gainvest Balanceado - Clase A,2021-06-04,16.434762
Gainvest Balanceado - Clase A,2021-06-07,16.442976
Gainvest Balanceado - Clase A,2021-06-08,16.45006
Gainvest Balanceado - Clase A,2021-06-09,16.475486
Gainvest Balanceado - Clase A,2021-06-11,16.49272
Gainvest Balanceado - Clase A,2021-06-14,16.510188
Gainvest Balanceado - Clase A,2021-06-15,16.518906
Gainvest Balanceado - Clase A,2021-06-16,16.510445
Gainvest Balanceado - Clase A,2021-06-17,16.53072
Gainvest Balanceado - Clase A,2021-06-18,16.537415
Gainvest Balanceado - Clase A,2021-06-22,16.573275
Gainvest Balanceado - Clase A,2021-06-23,16.591846
Gainvest Balanceado - Clase A,2021-06-24,16.617882
Gainvest Balanceado - Clase A,2021-06-25,16.626539
Gainvest Balanceado - Clase A,2021-07-01,16.626187
Gainvest Balanceado - Clase A,2021-07-02,16.683967
Gainvest Balanceado - Clase A,2021-07-05,16.74349
Gainvest Balanceado - Clase A,2021-07-06,16.764384
Gainvest Balanceado - Clase A,2021-07-07,16.830195
Gainvest Balanceado - Clase A,2021-07-08,16.87023
Gainvest Balanceado - Clase A,2021-07-12,16.88771
Gainvest Balanceado - Clase A,2021-07-13,16.916404
Gainvest Balanceado - Clase A,2021-07-14,16.944565
Gainvest Balanceado - Clase A,2021-07-15,16.990934
Gainvest Balanceado - Clase A,2021-07-16,17.078785
Gainvest Balanceado - Clase A,2021-07-19,17.069125
Gainvest Balanceado - Clase A,2021-07-20,17.074199
Gainvest Balanceado - Clase A,2021-07-21,17.099001
Gainvest Balanceado - Clase A,2021-07-22,17.128959
Gainvest Balanceado - Clase A,2021-07-23,17.161456
Gainvest Balanceado - Clase A,2021-07-26,17.226781
Gainvest Balanceado - Clase A,2021-07-27,17.232589
Gainvest Balanceado - Clase A,2021-07-28,17.241341
Gainvest Balanceado - Clase A,2021-07-29,17.27941
Gainvest Balanceado - Clase A,2021-07-30,17.274993
Gainvest Balanceado - Clase A,2021-08-02,17.301847
Gainvest Balanceado - Clase A,2021-08-03,17.335139
Gainvest Balanceado - Clase A,2021-08-04,17.379083
Gainvest Balanceado - Clase A,2021-08-05,17.464227
Gainvest Balanceado - Clase A,2021-08-06,17.48821
Gainvest Balanceado - Clase A,2021-08-09,17.466447
Gainvest Balanceado - Clase A,2021-08-10,17.423729
Gainvest Balanceado - Clase A,2021-08-11,17.406033
Gainvest Balanceado - Clase A,2021-08-12,17.492957
Gainvest Balanceado - Clase A,2021-08-13,17.534843
Gainvest Balanceado - Clase A,2021-08-25,17.595722
Gainvest Balanceado - Clase A,2021-08-26,17.622111
Gainvest Balanceado - Clase A,2021-08-27,17.639453
Gainvest Balanceado - Clase A,2021-08-30,17.659544
Gainvest Balanceado - Clase A,2021-08-31,17.651702
Gainvest Balanceado - Clase A,2021-09-01,17.643454
Gainvest Balanceado - Clase A,2021-09-02,17.647997
Gainvest Balanceado - Clase A,2021-09-03,17.63063
Gainvest Balanceado - Clase A,2021-09-06,17.629994
Gainvest Balanceado - Clase A,2021-09-07,17.529716
Gainvest Balanceado - Clase A,2021-09-08,17.490186
Gainvest Balanceado - Clase A,2021-09-09,17.583474
Gainvest Balanceado - Clase A,2021-09-10,17.628232
Gainvest Balanceado - Clase A,2021-09-13,17.767156
Gainvest Balanceado - Clase A,2021-09-14,17.758257
Gainvest Balanceado - Clase A,2021-09-15,17.727362
Gainvest Balanceado - Clase A,2021-09-16,17.673025
Gainvest Balanceado - Clase A,2021-09-17,17.61391
Gainvest Balanceado - Clase A,2021-09-20,17.521662
Gainvest Balanceado - Clase A,2021-09-21,17.599087
Gainvest Balanceado - Clase A,2021-09-22,17.672757
Gainvest Balanceado - Clase A,2021-09-23,17.800812
Gainvest Balanceado - Clase A,2021-09-24,17.826944
Gainvest Balanceado - Clase A,2021-09-27,17.949485
Gainvest Balanceado - Clase A,2021-09-28,17.949586
Gainvest Balanceado - Clase A,2021-09-29,18.006282
Gainvest Balanceado - Clase A,2021-09-30,18.145892
Gainvest Balanceado - Clase A,2021-10-01,18.218016
Gainvest Balanceado - Clase A,2021-10-04,18.276028
Gainvest Balanceado - Clase A,2021-10-05,18.355533
Gainvest Balanceado - Clase A,2021-10-06,18.400335
Gainvest Balanceado - Clase A,2021-10-07,18.456444
Gainvest Balanceado - Clase A,2021-10-12,18.437767
Gainvest Balanceado - Clase A,2021-10-13,18.435712
Gainvest Balanceado - Clase A,2021-10-14,18.514991
Gainvest Balanceado - Clase A,2021-10-19,18.606861
Gainvest Balanceado - Clase A,2021-10-20,18.649444
Gainvest Balanceado - Clase A,2021-10-21,18.712142
Gainvest Balanceado - Clase A,2021-10-22,18.740686
Gainvest Balanceado - Clase A,2021-10-25,18.728333
Gainvest Balanceado - Clase A,2021-10-26,18.728676
Gainvest Balanceado - Clase A,2021-10-28,18.870318
Gainvest Balanceado - Clase A,2021-11-16,19.414444
Gainvest Balanceado - Clase A,2021-11-17,19.411497
Gainvest Balanceado - Clase A,2021-11-18,19.446788
Gainvest Balanceado - Clase A,2021-11-29,19.618338
Gainvest Balanceado - Clase A,2021-11-30,19.669382
Gainvest Balanceado - Clase A,2021-12-01,19.774721
Gainvest Balanceado - Clase A,2021-12-02,19.939482
Gainvest Balanceado - Clase A,2021-12-03,20.019209
Gainvest Balanceado - Clase A,2021-12-06,20.07751
Gainvest Balanceado - Clase A,2021-12-07,20.084566
Gainvest Balanceado - Clase A,2021-12-09,20.015605
Gainvest Balanceado - Clase A,2021-12-10,20.005125
Gainvest Balanceado - Clase A,2021-12-13,19.986494
Gainvest Balanceado - Clase A,2021-12-14,19.937629
Gainvest Balanceado - Clase A,2021-12-15,19.873571
Gainvest Balanceado - Clase A,2021-12-16,19.855364
Gainvest Balanceado - Clase A,2021-12-17,19.916163
Gainvest Balanceado - Clase A,2021-12-20,19.947868
Gainvest Balanceado - Clase A,2021-12-21,20.031707
Gainvest Balanceado - Clase A,2021-12-22,20.107231
Gainvest Balanceado - Clase A,2021-12-23,20.169692
Gainvest Balanceado - Clase A,2021-12-27,20.21298
Gainvest Balanceado - Clase A,2021-12-28,20.242251
Gainvest Balanceado - Clase A,2021-12-29,20.29504
Gainvest Balanceado - Clase A,2021-12-30,20.33921
Gainvest Balanceado - Clase A,2022-01-03,20.492985
Gainvest Balanceado - Clase A,2022-01-04,20.584232
Gainvest Balanceado - Clase A,2022-01-05,20.583808
Gainvest Balanceado - Clase A,2022-01-17,20.95646
Gainvest Balanceado - Clase A,2022-01-18,21.056307
Gainvest Balanceado - Clase A,2022-01-19,21.050614
Gainvest Balanceado - Clase A,2022-01-20,21.01283
Gainvest Balanceado - Clase A,2022-01-21,21.053009
Gainvest Balanceado - Clase A,2022-01-24,21.112981
Gainvest Balanceado - Clase A,2022-01-25,21.126859
Gainvest Balanceado - Clase A,2022-01-26,21.116297
Gainvest Balanceado - Clase A,2022-01-27,21.121277
Gainvest Balanceado - Clase A,2022-01-28,21.13195
Gainvest Balanceado - Clase A,2022-02-01,21.234158
Gainvest Balanceado - Clase A,2022-02-02,21.299633
Gainvest Balanceado - Clase A,2022-02-03,21.384855
Gainvest Balanceado - Clase A,2022-02-04,21.418618
Gainvest Balanceado - Clase A,2022-02-07,21.435638
Gainvest Balanceado - Clase A,2022-02-08,21.438317
Gainvest Balanceado - Clase A,2022-02-09,21.427252
Gainvest Balanceado - Clase A,2022-02-10,21.424941
Gainvest Balanceado - Clase A,2022-02-11,21.551948
Gainvest Balanceado - Clase A,2022-02-14,21.577207
Gainvest Balanceado - Clase A,2022-02-15,21.592282
Gainvest Balanceado - Clase A,2022-02-16,21.611008
Gainvest Balanceado - Clase A,2022-02-17,21.641537
Gainvest Balanceado - Clase A,2022-02-18,21.667234
Gainvest Balanceado - Clase A,2022-02-21,21.705363
Gainvest Balanceado - Clase A,2022-02-22,21.730244
Gainvest Balanceado - Clase A,2022-02-23,21.726343
Gainvest Balanceado - Clase A,2022-02-24,21.80352
Gainvest Balanceado - Clase A,2022-02-25,21.905532
Gainvest Balanceado - Clase A,2022-03-02,21.996344
Gainvest Balanceado - Clase A,2022-03-03,22.147176
Gainvest Balanceado - Clase A,2022-03-04,22.271676
Gainvest Balanceado - Clase A,2022-03-07,22.316226
Gainvest Balanceado - Clase A,2022-03-08,22.262635
Gainvest Balanceado - Clase A,2022-03-09,22.319336
Gainvest Balanceado - Clase A,2022-03-10,22.379984
Gainvest Balanceado - Clase A,2022-03-11,22.403463
Gainvest Balanceado - Clase A,2022-03-14,22.420615
Gainvest Balanceado - Clase A,2022-03-15,22.431104
Gainvest Balanceado - Clase A,2022-03-16,22.490779
Gainvest Balanceado - Clase A,2022-03-17,22.620777
Gainvest Balanceado - Clase A,2022-03-18,22.707993
Gainvest Balanceado - Clase A,2022-03-21,22.898862
Gainvest Balanceado - Clase A,2022-03-22,22.97112
Gainvest Balanceado - Clase A,2022-03-23,22.972938
Gainvest Balanceado - Clase A,2022-03-25,22.963968
Gainvest Balanceado - Clase A,2022-03-28,22.850951
Gainvest Balanceado - Clase A,2022-03-29,22.873492
Gainvest Balanceado - Clase A,2022-03-30,22.970164
Gainvest Balanceado - Clase A,2022-03-31,23.048184
Gainvest Balanceado - Clase A,2022-04-01,23.100698
Gainvest Balanceado - Clase A,2022-04-04,23.172111
Gainvest Balanceado - Clase A,2022-04-05,23.177681
Gainvest Balanceado - Clase A,2022-04-06,23.173226
Gainvest Balanceado - Clase A,2022-04-07,23.205631
Gainvest Balanceado - Clase A,2022-04-08,23.214626
Gainvest Balanceado - Clase A,2022-04-11,23.416288
Gainvest Balanceado - Clase A,2022-04-12,23.659948
Gainvest Balanceado - Clase A,2022-04-13,23.811929
Gainvest Balanceado - Clase A,2022-04-18,23.988511
Gainvest Balanceado - Clase A,2022-04-19,24.012187
Gainvest Balanceado - Clase A,2022-04-20,24.050622
Gainvest Balanceado - Clase A,2022-04-21,24.102566
Gainvest Balanceado - Clase A,2022-04-22,24.161256
Gainvest Balanceado - Clase A,2022-04-25,24.222142
Gainvest Balanceado - Clase A,2022-04-26,24.435845
Gainvest Balanceado - Clase A,2022-04-27,24.509231
Gainvest Balanceado - Clase A,2022-04-28,24.608474
Gainvest Balanceado - Clase A,2022-04-29,24.760108
Gainvest Balanceado - Clase A,2022-05-02,24.937222
Gainvest Balanceado - Clase A,2022-05-03,24.993748
Gainvest Balanceado - Clase A,2022-05-04,25.016666
Gainvest Balanceado - Clase A,2022-05-05,25.007549
Gainvest Balanceado - Clase A,2022-05-06,24.982663
Gainvest Balanceado - Clase A,2022-05-09,24.844766
Gainvest Balanceado - Clase A,2022-05-10,24.770076
Gainvest Balanceado - Clase A,2022-05-11,24.582245
Gainvest Balanceado - Clase A,2022-05-12,24.742746
Gainvest Balanceado - Clase A,2022-05-13,24.837441
Gainvest Balanceado - Clase A,2022-05-16,24.886926
Gainvest Balanceado - Clase A,2022-05-17,24.804283
Gainvest Balanceado - Clase A,2022-05-30,25.142921
Gainvest Balanceado - Clase A,2022-06-02,25.180604
Gainvest Balanceado - Clase A,2022-06-03,25.228745
Gainvest Balanceado - Clase A,2022-06-06,25.347996
Gainvest Balanceado - Clase A,2022-06-07,25.32131
Gainvest Balanceado - Clase A,2022-06-08,24.679462
Gainvest Balanceado - Clase A,2022-06-09,24.05214
Gainvest Balanceado - Clase A,2022-06-10,24.356682
Gainvest Balanceado - Clase A,2022-06-13,24.741031
Gainvest Balanceado - Clase A,2022-06-14,24.82578
Gainvest Balanceado - Clase A,2022-06-15,25.047026
Gainvest Balanceado - Clase A,2022-06-16,25.144451
Gainvest Balanceado - Clase A,2022-06-21,25.082272
Gainvest Balanceado - Clase A,2022-06-22,25.072189
Gainvest Balanceado - Clase A,2022-06-23,25.101706
Gainvest Balanceado - Clase A,2022-06-24,25.119234
Gainvest Balanceado - Clase A,2022-06-27,25.256783
Gainvest Balanceado - Clase A,2022-06-28,25.305623
Gainvest Balanceado - Clase A,2022-06-29,25.380865
Gainvest Balanceado - Clase A,2022-06-30,25.524055
Gainvest Balanceado - Clase A,2022-07-01,25.641588
Gainvest Balanceado - Clase A,2022-07-04,25.558669
Gainvest Balanceado - Clase A,2022-07-05,25.629762
Gainvest Balanceado - Clase A,2022-07-06,25.675771
Gainvest Balanceado - Clase A,2022-07-07,25.761811
Gainvest Balanceado - Clase A,2022-07-08,25.798653
Gainvest Balanceado - Clase A,2022-07-11,25.958994
Gainvest Balanceado - Clase A,2022-07-12,26.196281
Gainvest Balanceado - Clase A,2022-07-13,26.39322
Gainvest Balanceado - Clase A,2022-07-14,26.650635
Gainvest Balanceado - Clase A,2022-07-15,26.613319
Gainvest Balanceado - Clase A,2022-07-18,26.576989
Gainvest Balanceado - Clase A,2022-07-19,26.585268
Gainvest Balanceado - Clase A,2022-07-20,26.531659
Gainvest Balanceado - Clase A,2022-07-21,26.439214
Gainvest Balanceado - Clase A,2022-07-22,26.581237
Gainvest Balanceado - Clase A,2022-07-25,26.773484
Gainvest Balanceado - Clase A,2022-07-26,26.927207
Gainvest Balanceado - Clase A,2022-07-27,26.972141
Gainvest Balanceado - Clase A,2022-07-28,27.081877
Gainvest Balanceado - Clase A,2022-08-02,27.576798
Gainvest Balanceado - Clase A,2022-08-03,27.573206
Gainvest Balanceado - Clase A,2022-08-04,27.706408
Gainvest Balanceado - Clase A,2022-08-05,27.774772
Gainvest Balanceado - Clase A,2022-08-08,27.814225
Gainvest Balanceado - Clase A,2022-08-09,27.720949
Gainvest Balanceado - Clase A,2022-08-10,27.708966
Gainvest Balanceado - Clase A,2022-08-11,27.7183
Gainvest Balanceado - Clase A,2022-08-12,27.790688
Gainvest Balanceado - Clase A,2022-08-16,27.821767
Gainvest Balanceado - Clase A,2022-08-17,27.853053
Gainvest Balanceado - Clase A,2022-08-18,27.922836
Gainvest Balanceado - Clase A,2022-08-19,28.026839
Gainvest Balanceado - Clase A,2022-08-22,28.087367
Gainvest Balanceado - Clase A,2022-08-23,28.147481
Gainvest Balanceado - Clase A,2022-08-24,28.196336
Gainvest Balanceado - Clase A,2022-08-25,28.281852
Gainvest Balanceado - Clase A,2022-08-26,28.36515
Gainvest Balanceado - Clase A,2022-08-29,28.447326
Gainvest Balanceado - Clase A,2022-08-30,28.606478
Gainvest Balanceado - Clase A,2022-08-31,28.830535
Gainvest Balanceado - Clase A,2022-09-01,29.104037
Gainvest Balanceado - Clase A,2022-09-05,29.30216
Gainvest Balanceado - Clase A,2022-09-06,29.305547
Gainvest Balanceado - Clase A,2022-09-07,29.319943
Gainvest Balanceado - Clase A,2022-09-08,29.334353
Gainvest Balanceado - Clase A,2022-09-09,29.448156
Gainvest Balanceado - Clase A,2022-09-12,29.465827
Gainvest Balanceado - Clase A,2022-09-13,29.419507
Gainvest Balanceado - Clase A,2022-09-14,29.496574
Gainvest Balanceado - Clase A,2022-09-15,29.593868
Gainvest Balanceado - Clase A,2022-09-19,29.771287
Gainvest Balanceado - Clase A,2022-09-20,29.896501
Gainvest Balanceado - Clase A,2022-09-21,29.963343
Gainvest Balanceado - Clase A,2022-09-22,30.031799
Gainvest Balanceado - Clase A,2022-09-23,30.089014
Gainvest Balanceado - Clase A,2022-09-26,30.190468
Gainvest Balanceado - Clase A,2022-09-27,30.206447
Gainvest Balanceado - Clase A,2022-09-28,30.241705
Gainvest Balanceado - Clase A,2022-09-29,30.261745
Gainvest Balanceado - Clase A,2022-09-30,30.360881
Gainvest Balanceado - Clase A,2022-10-03,30.435929
Gainvest Balanceado - Clase A,2022-10-04,30.487538
Gainvest Balanceado - Clase A,2022-10-05,30.699062
Gainvest Balanceado - Clase A,2022-10-06,30.776897
Gainvest Balanceado - Clase A,2022-10-11,30.746098
Gainvest Balanceado - Clase A,2022-10-12,30.624817
Gainvest Balanceado - Clase A,2022-10-13,30.724512
Gainvest Balanceado - Clase A,2022-10-14,30.788557
Gainvest Balanceado - Clase A,2022-10-17,30.9269
Gainvest Balanceado - Clase A,2022-10-18,31.003503
Gainvest Balanceado - Clase A,2022-10-19,31.095419
Gainvest Balanceado - Clase A,2022-10-20,31.254436
Gainvest Balanceado - Clase A,2022-10-21,31.314361
Gainvest Balanceado - Clase A,2022-10-24,31.395312
Gainvest Balanceado - Clase A,2022-10-25,31.448912
Gainvest Balanceado - Clase A,2022-10-26,31.560224
Gainvest Balanceado - Clase A,2022-10-27,31.84313
Gainvest Balanceado - Clase A,2022-10-28,31.99719
Gainvest Balanceado - Clase A,2022-10-31,32.148781
Gainvest Balanceado - Clase A,2022-11-01,32.158005
Gainvest Balanceado - Clase A,2022-11-02,32.198039
Gainvest Balanceado - Clase A,2022-11-03,32.401487
Gainvest Balanceado - Clase A,2022-11-04,32.484635
Gainvest Balanceado - Clase A,2022-11-07,32.527857
Gainvest Balanceado - Clase A,2022-11-08,32.631415
Gainvest Balanceado - Clase A,2022-11-09,32.633158
Gainvest Balanceado - Clase A,2022-11-10,32.813282
Gainvest Balanceado - Clase A,2022-11-11,32.77329
Gainvest Balanceado - Clase A,2022-11-14,32.871288
Gainvest Balanceado - Clase A,2022-11-15,32.860797
Gainvest Balanceado - Clase A,2022-11-16,32.8311
Gainvest Balanceado - Clase A,2022-11-17,33.05623
Gainvest Balanceado - Clase A,2022-11-18,33.100378
Gainvest Balanceado - Clase A,2022-11-22,33.219067
Gainvest Balanceado - Clase A,2022-11-23,33.306142
Gainvest Balanceado - Clase A,2022-11-24,33.418082
Gainvest Balanceado - Clase A,2022-11-25,33.551772
Gainvest Balanceado - Clase A,2022-11-28,33.714412
Gainvest Balanceado - Clase A,2022-11-29,33.797176
Gainvest Balanceado - Clase A,2022-11-30,33.883225
Gainvest Balanceado - Clase A,2022-12-01,34.101938
Gainvest Balanceado - Clase A,2022-12-02,34.173426
Gainvest Balanceado - Clase A,2022-12-05,34.206325
Gainvest Balanceado - Clase A,2022-12-06,34.433594
Gainvest Balanceado - Clase A,2022-12-07,34.453558
Gainvest Balanceado - Clase A,2022-12-12,34.48608
Gainvest Balanceado - Clase A,2022-12-13,34.479421
Gainvest Balanceado - Clase A,2022-12-15,34.702073
Gainvest Balanceado - Clase A,2022-12-16,34.760467
Gainvest Balanceado - Clase A,2022-12-19,34.921109
Gainvest Balanceado - Clase A,2022-12-20,35.147124
Gainvest Balanceado - Clase A,2022-12-21,35.180122
Gainvest Balanceado - Clase A,2022-12-22,35.392354
Gainvest Balanceado - Clase A,2022-12-23,35.536025
Gainvest Balanceado - Clase A,2022-12-26,35.747733
Gainvest Balanceado - Clase A,2022-12-27,35.70718
Gainvest Balanceado - Clase A,2022-12-28,35.67962
Gainvest Balanceado - Clase A,2022-12-29,35.710306
Gainvest Balanceado - Clase A,2022-12-30,35.846179
Gainvest Balanceado - Clase A,2023-01-02,36.00712
Gainvest Balanceado - Clase A,2023-01-03,36.086803
Gainvest Balanceado - Clase A,2023-01-04,36.130555
Gainvest Balanceado - Clase A,2023-01-05,36.256198
Gainvest Balanceado - Clase A,2023-01-06,36.327828
Gainvest Balanceado - Clase A,2023-01-09,36.232723
Gainvest Balanceado - Clase A,2023-01-10,36.321708
Gainvest Balanceado - Clase A,2023-01-11,36.410478
Gainvest Balanceado - Clase A,2023-01-12,36.623505
Gainvest Balanceado - Clase A,2023-01-13,36.679868
Gainvest Balanceado - Clase A,2023-01-16,36.777142
Gainvest Balanceado - Clase A,2023-01-17,36.873297
Gainvest Balanceado - Clase A,2023-01-18,36.895581
Gainvest Balanceado - Clase A,2023-01-19,37.011393
Gainvest Balanceado - Clase A,2023-01-20,37.161745
Gainvest Balanceado - Clase A,2023-01-23,37.163857
Gainvest Balanceado - Clase A,2023-01-24,37.219716
Gainvest Balanceado - Clase A,2023-01-25,37.300329
Gainvest Balanceado - Clase A,2023-01-26,37.479135
Gainvest Balanceado - Clase A,2023-01-27,37.593985
Gainvest Balanceado - Clase A,2023-01-30,37.664465
Gainvest Balanceado - Clase A,2023-01-31,37.755991
Gainvest Balanceado - Clase A,2023-02-01,37.818159
Gainvest Balanceado - Clase A,2023-02-02,38.012453
Gainvest Balanceado - Clase A,2023-02-03,38.106284
Gainvest Balanceado - Clase A,2023-02-06,38.232815
Gainvest Balanceado - Clase A,2023-02-07,38.337551
Gainvest Balanceado - Clase A,2023-02-08,38.39272
Gainvest Balanceado - Clase A,2023-02-09,38.485191
Gainvest Balanceado - Clase A,2023-02-10,38.565715
Gainvest Balanceado - Clase A,2023-02-13,38.657927
Gainvest Balanceado - Clase A,2023-02-14,38.78705
Gainvest Balanceado - Clase A,2023-02-15,38.9046
Gainvest Balanceado - Clase A,2023-02-16,39.24319
Gainvest Balanceado - Clase A,2023-02-17,39.333094
Gainvest Balanceado - Clase A,2023-02-22,39.370138
Gainvest Balanceado - Clase A,2023-02-23,39.50084
Gainvest Balanceado - Clase A,2023-02-24,39.561388
Gainvest Balanceado - Clase A,2023-02-27,39.685079
Gainvest Balanceado - Clase A,2023-02-28,39.810012
Gainvest Balanceado - Clase A,2023-03-01,39.888304
Gainvest Balanceado - Clase A,2023-03-02,40.057992
Gainvest Balanceado - Clase A,2023-03-03,40.148828
Gainvest Balanceado - Clase A,2023-03-06,40.138875
Gainvest Balanceado - Clase A,2023-03-07,40.250875
Gainvest Balanceado - Clase A,2023-03-08,40.26684
Gainvest Balanceado - Clase A,2023-03-09,40.493424
Gainvest Balanceado - Clase A,2023-03-10,40.669239
Gainvest Balanceado - Clase A,2023-03-13,40.699257
Gainvest Balanceado - Clase A,2023-03-14,40.942545
Gainvest Balanceado - Clase A,2023-03-15,40.93881
Gainvest Balanceado - Clase A,2023-03-16,41.139895
Gainvest Balanceado - Clase A,2023-03-17,41.385063
Gainvest Balanceado - Clase A,2023-03-20,41.42275
Gainvest Balanceado - Clase A,2023-03-21,41.453001
Gainvest Balanceado - Clase A,2023-03-22,41.619515
Gainvest Balanceado - Clase A,2023-03-23,41.693065
Gainvest Balanceado - Clase A,2023-03-27,41.897612
Gainvest Balanceado - Clase A,2023-03-28,41.932304
Gainvest Balanceado - Clase A,2023-03-29,41.977376
Gainvest Balanceado - Clase A,2023-03-30,42.140609
Gainvest Balanceado - Clase A,2023-03-31,42.257878
Gainvest Balanceado - Clase A,2023-04-03,42.371242
Gainvest Balanceado - Clase A,2023-04-04,42.82194
Gainvest Balanceado - Clase A,2023-04-05,43.018533
Gainvest Balanceado - Clase A,2023-04-10,43.069688
Gainvest Balanceado - Clase A,2023-04-11,43.154576
Gainvest Balanceado - Clase A,2023-04-12,43.243908
Gainvest Balanceado - Clase A,2023-04-13,43.550355
Gainvest Balanceado - Clase A,2023-04-14,43.729218
Gainvest Balanceado - Clase A,2023-04-17,43.850872
Gainvest Balanceado - Clase A,2023-04-18,43.844945
Gainvest Balanceado - Clase A,2023-04-19,43.957976
Gainvest Balanceado - Clase A,2023-04-20,44.272267
Gainvest Balanceado - Clase A,2023-04-21,44.559532
Gainvest Balanceado - Clase A,2023-04-24,44.556888
Gainvest Balanceado - Clase A,2023-04-25,44.490428
Gainvest Balanceado - Clase A,2023-04-26,44.775812
Gainvest Balanceado - Clase A,2023-04-27,45.026554
Gainvest Balanceado - Clase A,2023-04-28,45.315677
Gainvest Balanceado - Clase A,2023-05-02,45.6231
Gainvest Balanceado - Clase A,2023-05-03,45.731107
Gainvest Balanceado - Clase A,2023-05-04,45.998842
Gainvest Balanceado - Clase A,2023-05-05,46.103122
Gainvest Balanceado - Clase A,2023-05-08,46.188536
Gainvest Balanceado - Clase A,2023-05-09,46.287175
Gainvest Balanceado - Clase A,2023-05-10,46.35875
Gainvest Balanceado - Clase A,2023-05-11,46.61672
Gainvest Balanceado - Clase A,2023-05-15,46.791911
Gainvest Balanceado - Clase A,2023-05-16,46.865404
Gainvest Balanceado - Clase A,2023-05-17,46.971985
Gainvest Balanceado - Clase A,2023-05-18,47.233717
Gainvest Balanceado - Clase A,2023-05-19,47.599855
Gainvest Balanceado - Clase A,2023-05-22,47.78881
Gainvest Balanceado - Clase A,2023-05-23,48.27663
Gainvest Balanceado - Clase A,2023-05-29,48.511989
Gainvest Balanceado - Clase A,2023-05-30,48.685587
Gainvest Balanceado - Clase A,2023-05-31,49.106075
Gainvest Balanceado - Clase A,2023-06-01,49.529978
Gainvest Balanceado - Clase A,2023-06-02,49.725266
Gainvest Balanceado - Clase A,2023-06-05,49.987182
Gainvest Balanceado - Clase A,2023-06-06,50.169787
Gainvest Balanceado - Clase A,2023-06-07,50.278716
Gainvest Balanceado - Clase A,2023-06-08,50.689826
Gainvest Balanceado - Clase A,2023-06-09,50.957271
Gainvest Balanceado - Clase A,2023-06-12,51.160981
Gainvest Balanceado - Clase A,2023-06-13,51.230477
Gainvest Balanceado - Clase A,2023-06-14,51.156377
Gainvest Balanceado - Clase A,2023-06-15,51.691859
Gainvest Balanceado - Clase A,2023-06-16,51.971454
Gainvest Balanceado - Clase A,2023-06-21,52.294046
Gainvest Balanceado - Clase A,2023-06-22,52.484114
Gainvest Balanceado - Clase A,2023-06-26,52.796211
Gainvest Balanceado - Clase A,2023-06-27,52.919878
Gainvest Balanceado - Clase A,2023-06-28,53.021724
Gainvest Balanceado - Clase A,2023-06-29,53.372526
Gainvest Balanceado - Clase A,2023-06-30,53.682099
Gainvest Balanceado - Clase A,2023-07-03,54.006656
Gainvest Balanceado - Clase A,2023-07-04,54.256424
Gainvest Balanceado - Clase A,2023-07-05,54.335362
Gainvest Balanceado - Clase A,2023-07-06,54.578917
Gainvest Balanceado - Clase A,2023-07-07,54.682107
Gainvest Balanceado - Clase A,2023-07-10,54.741619
Gainvest Balanceado - Clase A,2023-07-11,54.748193
Gainvest Balanceado - Clase A,2023-07-12,54.791163
Gainvest Balanceado - Clase A,2023-07-13,55.119122
Gainvest Balanceado - Clase A,2023-07-14,55.190405
Gainvest Balanceado - Clase A,2023-07-17,55.454021
Gainvest Balanceado - Clase A,2023-07-18,55.612222
Gainvest Balanceado - Clase A,2023-07-19,55.597699
Gainvest Balanceado - Clase A,2023-07-20,56.14479
Gainvest Balanceado - Clase A,2023-07-21,56.458349
Gainvest Balanceado - Clase A,2023-07-24,56.71516
Gainvest Balanceado - Clase A,2023-07-25,56.904096
Gainvest Balanceado - Clase A,2023-07-26,57.086632
Gainvest Balanceado - Clase A,2023-07-27,57.383399
Gainvest Balanceado - Clase A,2023-07-28,57.47426
Gainvest Balanceado - Clase A,2023-07-31,57.856457
Gainvest Balanceado - Clase A,2023-08-01,57.92196
Gainvest Balanceado - Clase A,2023-08-02,58.024866
Gainvest Balanceado - Clase A,2023-08-03,58.287611
Gainvest Balanceado - Clase A,2023-08-04,58.355802
Gainvest Balanceado - Clase A,2023-08-07,58.423845
Gainvest Balanceado - Clase A,2023-08-08,58.536639
Gainvest Balanceado - Clase A,2023-08-09,58.671987
Gainvest Balanceado - Clase A,2023-08-10,59.31063
Gainvest Balanceado - Clase A,2023-08-11,60.018942
Gainvest Balanceado - Clase A,2023-08-14,59.315833
Gainvest Balanceado - Clase A,2023-08-15,60.888603
Gainvest Balanceado - Clase A,2023-08-16,61.50151
Gainvest Balanceado - Clase A,2023-08-17,62.449421
Gainvest Balanceado - Clase A,2023-08-22,62.823974
Gainvest Balanceado - Clase A,2023-08-23,63.093474
Gainvest Balanceado - Clase A,2023-08-24,63.54679
Gainvest Balanceado - Clase A,2023-08-25,64.099334
Gainvest Balanceado - Clase A,2023-08-28,64.55654
Gainvest Balanceado - Clase A,2023-08-29,65.859075
Gainvest Balanceado - Clase A,2023-08-30,65.53557
Gainvest Balanceado - Clase A,2023-08-31,65.774199
Gainvest Balanceado - Clase A,2023-09-01,66.009598
Gainvest Balanceado - Clase A,2023-09-04,66.380101
Gainvest Balanceado - Clase A,2023-09-05,66.340649
Gainvest Balanceado - Clase A,2023-09-06,65.568888
Gainvest Balanceado - Clase A,2023-09-07,65.421533
Gainvest Balanceado - Clase A,2023-09-08,65.701362
Gainvest Balanceado - Clase A,2023-09-11,65.611232
Gainvest Balanceado - Clase A,2023-09-12,65.74214
Gainvest Balanceado - Clase A,2023-09-13,66.005427
Gainvest Balanceado - Clase A,2023-09-14,66.74676
Gainvest Balanceado - Clase A,2023-09-15,66.697804
Gainvest Balanceado - Clase A,2023-09-18,67.037329
Gainvest Balanceado - Clase A,2023-09-19,67.086229
Gainvest Balanceado - Clase A,2023-09-20,67.174466
Gainvest Balanceado - Clase A,2023-09-21,67.764515
Gainvest Balanceado - Clase A,2023-09-22,67.637061
Gainvest Balanceado - Clase A,2023-09-25,67.376706
Gainvest Balanceado - Clase A,2023-09-26,67.117581
Gainvest Balanceado - Clase A,2023-09-27,67.062826
Gainvest Balanceado - Clase A,2023-09-28,67.000722
Gainvest Balanceado - Clase A,2023-09-29,67.147919
Gainvest Balanceado - Clase A,2023-10-02,67.128145
Gainvest Balanceado - Clase A,2023-10-03,67.253704
Gainvest Balanceado - Clase A,2023-10-04,68.013822
Gainvest Balanceado - Clase A,2023-10-05,68.830716
Gainvest Balanceado - Clase A,2023-10-06,69.832004
Gainvest Balanceado - Clase A,2023-10-09,70.32105
Gainvest Balanceado - Clase A,2023-10-10,70.724481
Gainvest Balanceado - Clase A,2023-10-11,71.455947
Gainvest Balanceado - Clase A,2023-10-12,72.637913
Gainvest Balanceado - Clase A,2023-10-17,73.952674
Gainvest Balanceado - Clase A,2023-10-18,75.290821
Gainvest Balanceado - Clase A,2023-10-19,78.680201
Gainvest Balanceado - Clase A,2023-10-20,79.236132
Gainvest Balanceado - Clase A,2023-10-23,82.081388
Gainvest Balanceado - Clase A,2023-10-24,81.754899
Gainvest Balanceado - Clase A,2023-10-25,81.501133
Gainvest Balanceado - Clase A,2023-10-26,82.33442
Gainvest Balanceado - Clase A,2023-10-27,82.685004
Gainvest Balanceado - Clase A,2023-10-30,83.353907
Gainvest Balanceado - Clase A,2023-10-31,83.987547
Gainvest Balanceado - Clase A,2023-11-01,84.359121
Gainvest Balanceado - Clase A,2023-11-02,85.869939
Gainvest Balanceado - Clase A,2023-11-03,86.076704
Gainvest Balanceado - Clase A,2023-11-07,85.506945
Gainvest Balanceado - Clase A,2023-11-08,84.553772
Gainvest Balanceado - Clase A,2023-11-09,85.007803
Gainvest Balanceado - Clase A,2023-11-10,85.239879
Gainvest Balanceado - Clase A,2023-11-13,85.69876
Gainvest Balanceado - Clase A,2023-11-14,86.326959
Gainvest Balanceado - Clase A,2023-11-15,86.759135
Gainvest Balanceado - Clase A,2023-11-16,88.182626
Gainvest Balanceado - Clase A,2023-11-17,88.950202
Gainvest Balanceado - Clase A,2023-11-21,89.55915
Gainvest Balanceado - Clase A,2023-11-22,91.491939
Gainvest Balanceado - Clase A,2023-11-23,95.052956
Gainvest Balanceado - Clase A,2023-11-24,102.394671
Gainvest Balanceado - Clase A,2023-11-27,103.970612
Gainvest Balanceado - Clase A,2023-11-28,103.88491
Gainvest Balanceado - Clase A,2023-11-29,104.20001
Gainvest Balanceado - Clase A,2023-11-30,108.703266
Gainvest Balanceado - Clase A,2023-12-01,111.587486
Gainvest Balanceado - Clase A,2023-12-04,115.769712
Gainvest Balanceado - Clase A,2023-12-05,118.059527
Gainvest Balanceado - Clase A,2023-12-06,122.013318
Gainvest Balanceado - Clase A,2023-12-07,127.364019
Gainvest Balanceado - Clase A,2023-12-11,130.652751
Gainvest Balanceado - Clase A,2023-12-12,129.831255
Gainvest Balanceado - Clase A,2023-12-13,142.663953
Gainvest Balanceado - Clase A,2023-12-14,151.23539
Gainvest Balanceado - Clase A,2023-12-15,146.540826
Gainvest Balanceado - Clase A,2023-12-18,143.609053
Gainvest Balanceado - Clase A,2023-12-19,143.694325
Gainvest Balanceado - Clase A,2023-12-20,148.174312
Gainvest Balanceado - Clase A,2023-12-21,156.478126
Gainvest Balanceado - Clase A,2023-12-22,161.625842
Gainvest Balanceado - Clase A,2023-12-26,162.075727
Gainvest Balanceado - Clase A,2023-12-27,170.399186
Gainvest Balanceado - Clase A,2023-12-28,170.591209
Gainvest Balanceado - Clase A,2023-12-29,172.488618
Gainvest Balanceado - Clase A,2024-01-02,177.921751
Gainvest Balanceado - Clase A,2024-01-03,182.006547
Gainvest Balanceado - Clase A,2024-01-04,184.705239
Gainvest Balanceado - Clase A,2024-01-05,184.580447
Gainvest Balanceado - Clase A,2024-01-08,177.545812
Gainvest Balanceado - Clase A,2024-01-09,182.185192
Gainvest Balanceado - Clase A,2024-01-10,185.379169
Gainvest Balanceado - Clase A,2024-01-11,184.354692
Gainvest Balanceado - Clase A,2024-01-12,181.991673
Gainvest Balanceado - Clase A,2024-01-15,182.657633
Gainvest Balanceado - Clase A,2024-01-16,188.047634
Gainvest Balanceado - Clase A,2024-01-17,191.416656
Gainvest Balanceado - Clase A,2024-01-18,194.71883
Gainvest Balanceado - Clase A,2024-01-19,194.475801
Gainvest Balanceado - Clase A,2024-01-22,192.062858
Gainvest Balanceado - Clase A,2024-01-23,190.483748
Gainvest Balanceado - Clase A,2024-01-24,187.193392
Gainvest Balanceado - Clase A,2024-01-25,182.180327
Gainvest Balanceado - Clase A,2024-01-26,177.017419
Gainvest Balanceado - Clase A,2024-01-29,180.79924
Gainvest Balanceado - Clase A,2024-01-30,184.689794
Gainvest Balanceado - Clase A,2024-01-31,184.674942
Gainvest Balanceado - Clase A,2024-02-01,185.128779
Gainvest Balanceado - Clase A,2024-02-02,185.787375
Gainvest Balanceado - Clase A,2024-02-05,187.352684
Gainvest Balanceado - Clase A,2024-02-06,192.58799
Gainvest Balanceado - Clase A,2024-02-07,195.668635
Gainvest Balanceado - Clase A,2024-02-08,198.906743
Gainvest Balanceado - Clase A,2024-02-09,197.508642
Gainvest Balanceado - Clase A,2024-02-14,196.927728
Gainvest Balanceado - Clase A,2024-02-15,200.599315
Gainvest Balanceado - Clase A,2024-02-16,201.870588
Gainvest Balanceado - Clase A,2024-02-22,211.226721
Gainvest Balanceado - Clase A,2024-02-23,211.830183
Gainvest Balanceado - Clase A,2024-02-26,212.653809
Gainvest Balanceado - Clase A,2024-02-27,216.729275
Gainvest Balanceado - Clase A,2024-02-28,218.098298
Gainvest Balanceado - Clase A,2024-02-29,219.646902
Gainvest Balanceado - Clase A,2024-03-01,219.469573
Gainvest Balanceado - Clase A,2024-03-04,219.93616
Gainvest Balanceado - Clase A,2024-03-05,220.264883
Gainvest Balanceado - Clase A,2024-03-06,219.690618
Gainvest Balanceado - Clase A,2024-03-07,219.919128
Gainvest Balanceado - Clase A,2024-03-08,219.603197
Gainvest Balanceado - Clase A,2024-03-11,221.733227
Gainvest Balanceado - Clase A,2024-03-12,230.506982
Gainvest Balanceado - Clase A,2024-03-13,232.575412
Gainvest Balanceado - Clase A,2024-03-14,235.814739
Gainvest Balanceado - Clase A,2024-03-15,240.961168
Gainvest Balanceado - Clase A,2024-03-18,243.806191
Gainvest Balanceado - Clase A,2024-03-19,244.223927
Gainvest Balanceado - Clase A,2024-03-20,243.562611
Gainvest Balanceado - Clase A,2024-03-21,248.587572
Gainvest Balanceado - Clase A,2024-03-22,249.895866
Gainvest Balanceado - Clase A,2024-03-25,246.284355
Gainvest Balanceado - Clase A,2024-03-26,246.486493
Gainvest Balanceado - Clase A,2024-03-27,247.164819
Gainvest Balanceado - Clase A,2024-04-03,248.428159
Gainvest Balanceado - Clase A,2024-04-04,250.045718
Gainvest Balanceado - Clase A,2024-04-08,255.821562
Gainvest Balanceado - Clase A,2024-04-10,260.333759
Gainvest Balanceado - Clase A,2024-04-11,267.912524
Gainvest Balanceado - Clase A,2024-04-12,270.656578
Gainvest Balanceado - Clase A,2024-04-15,269.361116
Gainvest Balanceado - Clase A,2024-04-16,268.25328
Gainvest Balanceado - Clase A,2024-04-17,266.756809
Gainvest Balanceado - Clase A,2024-04-18,266.933948
Gainvest Balanceado - Clase A,2024-04-19,266.149607
Gainvest Balanceado - Clase A,2024-04-22,262.833542
Gainvest Balanceado - Clase A,2024-04-23,260.869291
Gainvest Balanceado - Clase A,2024-04-24,262.014414
Gainvest Balanceado - Clase A,2024-04-25,261.853704
Gainvest Balanceado - Clase A,2024-04-26,258.161832
Gainvest Balanceado - Clase A,2024-04-29,257.329721
Gainvest Balanceado - Clase A,2024-04-30,258.759508
Gainvest Balanceado - Clase A,2024-05-02,263.360887
Gainvest Balanceado - Clase A,2024-05-03,266.575652
Gainvest Balanceado - Clase A,2024-05-06,269.422665
Gainvest Balanceado - Clase A,2024-05-07,268.835166
Gainvest Balanceado - Clase A,2024-05-08,269.479601
Gainvest Balanceado - Clase A,2024-05-09,271.606657
Gainvest Balanceado - Clase A,2024-05-10,272.023424
Gainvest Balanceado - Clase A,2024-05-13,272.86096
Gainvest Balanceado - Clase A,2024-05-14,275.037159
Gainvest Balanceado - Clase A,2024-05-15,274.683677
Gainvest Balanceado - Clase A,2024-05-16,274.951917
Gainvest Balanceado - Clase A,2024-05-17,274.615813
Gainvest Balanceado - Clase A,2024-05-20,276.024906
Gainvest Balanceado - Clase A,2024-05-21,276.268071
Gainvest Balanceado - Clase A,2024-05-22,272.450205
Gainvest Balanceado - Clase A,2024-05-23,273.799551
Gainvest Balanceado - Clase A,2024-05-24,273.755151
Gainvest Balanceado - Clase A,2024-05-27,270.299924
Gainvest Balanceado - Clase A,2024-05-28,269.216159
Gainvest Balanceado - Clase A,2024-05-29,268.707333
Gainvest Balanceado - Clase A,2024-05-30,267.261436
Gainvest Balanceado - Clase A,2024-05-31,267.27163
Gainvest Balanceado - Clase A,2024-06-03,268.804429
Gainvest Balanceado - Clase A,2024-06-04,271.290041
Gainvest Balanceado - Clase A,2024-06-05,273.289246
Gainvest Balanceado - Clase A,2024-06-07,269.235004
Gainvest Balanceado - Clase A,2024-06-10,269.29624
Gainvest Balanceado - Clase A,2024-06-11,270.390612
Gainvest Balanceado - Clase A,2024-06-12,270.85408
Gainvest Balanceado - Clase A,2024-07-01,270.11948
Gainvest Balanceado - Clase A,2024-07-02,270.148807
Gainvest Balanceado - Clase A,2024-07-03,272.35382
Gainvest Balanceado - Clase A,2024-07-04,274.199506
Gainvest Balanceado - Clase A,2024-07-05,274.462811
Gainvest Balanceado - Clase A,2024-07-08,274.34264
Gainvest Balanceado - Clase A,2024-07-10,275.137054
Gainvest Balanceado - Clase A,2024-07-11,276.32
Gainvest Balanceado - Clase A,2024-07-12,279.284296
Gainvest Balanceado - Clase A,2024-07-15,277.772696
Gainvest Balanceado - Clase A,2024-07-16,276.248179
Gainvest Balanceado - Clase A,2024-07-17,275.884852
Gainvest Balanceado - Clase A,2024-07-18,276.851489
Gainvest Balanceado - Clase A,2024-07-19,276.994858
Gainvest Balanceado - Clase A,2024-07-22,277.517918
Gainvest Balanceado - Clase A,2024-07-23,277.353424
Gainvest Balanceado - Clase A,2024-07-24,276.891222
Gainvest Balanceado - Clase A,2024-07-25,275.638352
Gainvest Balanceado - Clase A,2024-07-26,276.045739
Gainvest Balanceado - Clase A,2024-07-29,274.920475
Gainvest Balanceado - Clase A,2024-07-30,276.840559
Gainvest Balanceado - Clase A,2024-07-31,276.840247
Gainvest Balanceado - Clase A,2024-08-01,276.715191
Gainvest Balanceado - Clase A,2024-08-02,278.559874
Gainvest Balanceado - Clase A,2024-08-05,278.584672
Gainvest Balanceado - Clase A,2024-08-06,279.306327
Gainvest Balanceado - Clase A,2024-08-07,279.921122
Gainvest Balanceado - Clase A,2024-08-08,281.114243
Gainvest Balanceado - Clase A,2024-08-09,281.6703
Gainvest Balanceado - Clase A,2024-08-12,282.543639
Gainvest Balanceado - Clase A,2024-08-13,283.028695
Gainvest Balanceado - Clase A,2024-08-14,285.435422
Gainvest Balanceado - Clase A,2024-08-15,289.714498
Gainvest Balanceado - Clase A,2024-08-16,293.710756
Gainvest Balanceado - Clase A,2024-08-19,292.930688
Gainvest Balanceado - Clase A,2024-08-20,294.157851
Gainvest Balanceado - Clase A,2024-08-21,295.293655
Gainvest Balanceado - Clase A,2024-08-22,295.728459
Gainvest Balanceado - Clase A,2024-08-23,297.004522
Gainvest Balanceado - Clase A,2024-08-26,298.154243
Gainvest Balanceado - Clase A,2024-08-27,299.816366
Gainvest Balanceado - Clase A,2024-08-28,302.178732
Gainvest Balanceado - Clase A,2024-08-29,301.217235
Gainvest Balanceado - Clase A,2024-08-30,301.37234
Gainvest Balanceado - Clase A,2024-09-02,300.974513
Gainvest Balanceado - Clase A,2024-09-03,300.233066
Gainvest Balanceado - Clase A,2024-09-04,300.530622
Gainvest Balanceado - Clase A,2024-09-05,300.698665
Gainvest Balanceado - Clase A,2024-09-06,300.98732
Gainvest Balanceado - Clase A,2024-09-09,301.667278
Gainvest Balanceado - Clase A,2024-09-10,302.200892
Gainvest Balanceado - Clase A,2024-09-11,302.902912
Gainvest Balanceado - Clase A,2024-09-12,303.722952
Gainvest Balanceado - Clase A,2024-09-13,305.511654
Gainvest Balanceado - Clase A,2024-09-16,304.550787
Gainvest Balanceado - Clase A,2024-09-17,303.335978
Gainvest Balanceado - Clase A,2024-09-18,302.174005
Gainvest Balanceado - Clase A,2024-09-19,300.339404
Gainvest Balanceado - Clase A,2024-09-20,302.964262
Gainvest Balanceado - Clase A,2024-09-23,302.34335
Gainvest Balanceado - Clase A,2024-09-24,301.644855
Gainvest Balanceado - Clase A,2024-09-25,301.049066
Gainvest Balanceado - Clase A,2024-09-26,301.461896
Gainvest Balanceado - Clase A,2024-09-27,302.23393
Gainvest Balanceado - Clase A,2024-09-30,302.68359
Gainvest Balanceado - Clase A,2024-10-01,304.924968
Gainvest Balanceado - Clase A,2024-10-02,307.056967
Gainvest Balanceado - Clase A,2024-10-03,307.083392
Gainvest Balanceado - Clase A,2024-10-04,307.154546
Gainvest Balanceado - Clase A,2024-10-07,307.345086
Gainvest Balanceado - Clase A,2024-10-08,307.307182
Gainvest Balanceado - Clase A,2024-10-09,308.072551
Gainvest Balanceado - Clase A,2024-10-10,307.881719
Gainvest Balanceado - Clase A,2024-10-14,308.831418
Gainvest Balanceado - Clase A,2024-10-15,309.118051
Gainvest Balanceado - Clase A,2024-10-16,307.641938
Gainvest Balanceado - Clase A,2024-10-17,306.102173
Gainvest Balanceado - Clase A,2024-10-18,307.151236
Gainvest Balanceado - Clase A,2024-10-21,307.516434
Gainvest Balanceado - Clase A,2024-10-22,307.051195
Gainvest Balanceado - Clase A,2024-10-23,307.023193
Gainvest Balanceado - Clase A,2024-10-24,306.850325
Gainvest Balanceado - Clase A,2024-10-25,308.12963
Gainvest Balanceado - Clase A,2024-10-28,313.011513
Gainvest Balanceado - Clase A,2024-10-29,314.941395
Gainvest Balanceado - Clase A,2024-10-30,317.729981
Gainvest Balanceado - Clase A,2024-10-31,317.2535
Gainvest Balanceado - Clase A,2024-11-01,322.887631
Gainvest Balanceado - Clase A,2024-11-04,323.122248
Gainvest Balanceado - Clase A,2024-11-05,323.032582
Gainvest Balanceado - Clase A,2024-11-07,324.931935
Gainvest Balanceado - Clase A,2024-11-11,333.362105
Gainvest Balanceado - Clase A,2024-11-12,334.382372
Gainvest Balanceado - Clase A,2024-11-13,340.859649
Gainvest Balanceado - Clase A,2024-11-14,341.424364
Gainvest Balanceado - Clase A,2024-11-15,340.945741
Gainvest Balanceado - Clase A,2024-11-19,341.345019
Gainvest Balanceado - Clase A,2024-11-20,340.975148
Gainvest Balanceado - Clase A,2024-11-21,341.743822
Gainvest Balanceado - Clase A,2024-11-22,342.62821
Gainvest Balanceado - Clase A,2024-11-25,341.944757
Gainvest Balanceado - Clase A,2024-11-26,341.61846
Gainvest Balanceado - Clase A,2024-11-27,342.497422
Gainvest Balanceado - Clase A,2024-11-28,342.294957
Gainvest Balanceado - Clase A,2024-11-29,342.13448
Gainvest Balanceado - Clase A,2024-12-02,342.309522
Gainvest Balanceado - Clase A,2024-12-03,343.057679
Gainvest Balanceado - Clase A,2024-12-04,341.886556
Gainvest Balanceado - Clase A,2024-12-05,340.562066
Gainvest Balanceado - Clase A,2024-12-06,343.250452
Gainvest Balanceado - Clase A,2024-12-09,343.902604
Gainvest Balanceado - Clase A,2024-12-10,343.808483
Gainvest Balanceado - Clase A,2024-12-11,342.800471
Gainvest Balanceado - Clase A,2024-12-12,342.872734
Gainvest Balanceado - Clase A,2024-12-13,346.439171
Gainvest Balanceado - Clase A,2024-12-16,349.200474
Gainvest Balanceado - Clase A,2024-12-17,346.871681
Gainvest Balanceado - Clase A,2024-12-18,347.352599
Gainvest Balanceado - Clase A,2024-12-19,348.086493
Gainvest Balanceado - Clase A,2024-12-20,350.041412
Gainvest Balanceado - Clase A,2024-12-23,350.82418
Gainvest Balanceado - Clase A,2024-12-26,349.869984
Gainvest Balanceado - Clase A,2024-12-27,348.822007
Gainvest Balanceado - Clase A,2024-12-30,348.313274
Gainvest Balanceado - Clase A,2025-01-06,356.366564
Gainvest Balanceado - Clase A,2025-01-07,359.222331
Gainvest Balanceado - Clase A,2025-01-09,363.036106
Gainvest Balanceado - Clase A,2025-01-10,363.872127
Gainvest Balanceado - Clase A,2025-01-13,364.67775
Gainvest Balanceado - Clase A,2025-01-14,367.112465
Gainvest Balanceado - Clase A,2025-01-15,367.508216
Gainvest Balanceado - Clase A,2025-01-16,365.455662
Gainvest Balanceado - Clase A,2025-01-17,365.788426
Gainvest Balanceado - Clase A,2025-01-20,366.583401
Gainvest Balanceado - Clase A,2025-01-21,366.92888
Gainvest Balanceado - Clase A,2025-01-22,368.109678
Gainvest Balanceado - Clase A,2025-01-23,368.486594
Gainvest Balanceado - Clase A,2025-01-24,370.041562
Gainvest Balanceado - Clase A,2025-01-27,371.231831
Gainvest Balanceado - Clase A,2025-01-28,371.436124
Gainvest Balanceado - Clase A,2025-01-29,373.446861
Gainvest Balanceado - Clase A,2025-01-30,373.602627
Gainvest Balanceado - Clase A,2025-01-31,373.958621
Gainvest Balanceado - Clase A,2025-02-03,373.630665
Gainvest Balanceado - Clase A,2025-02-04,373.549056
Gainvest Balanceado - Clase A,2025-02-05,373.308361
Gainvest Balanceado - Clase A,2025-02-06,372.683366
Gainvest Balanceado - Clase A,2025-02-07,373.482557
Gainvest Balanceado - Clase A,2025-02-10,373.883939
Gainvest Balanceado - Clase A,2025-02-11,373.97027
Gainvest Balanceado - Clase A,2025-02-12,374.133974
Gainvest Balanceado - Clase A,2025-02-13,373.869599
Gainvest Balanceado - Clase A,2025-02-14,375.423579
Gainvest Balanceado - Clase A,2025-02-17,374.874027
Gainvest Balanceado - Clase A,2025-02-18,375.380751
Gainvest Balanceado - Clase A,2025-02-19,375.089374
Gainvest Balanceado - Clase A,2025-02-20,374.103959
Gainvest Balanceado - Clase A,2025-02-21,373.594284
Gainvest Balanceado - Clase A,2025-02-24,372.999644
Gainvest Balanceado - Clase A,2025-02-25,373.408526
Gainvest Balanceado - Clase A,2025-02-26,373.76135
Gainvest Balanceado - Clase A,2025-02-27,371.498173
Gainvest Balanceado - Clase A,2025-02-28,373.147633
Gainvest Balanceado - Clase A,2025-03-05,372.338459
Gainvest Balanceado - Clase A,2025-03-06,371.459576
Gainvest Balanceado - Clase A,2025-03-07,372.168663
Gainvest Balanceado - Clase A,2025-03-10,369.254906
Gainvest Balanceado - Clase A,2025-03-11,368.474345
Gainvest Balanceado - Clase A,2025-03-12,369.167738
Gainvest Balanceado - Clase A,2025-03-13,369.150461
Gainvest Balanceado - Clase A,2025-03-14,371.598025
Gainvest Balanceado - Clase A,2025-03-17,370.720551
Gainvest Balanceado - Clase A,2025-03-18,365.466712
Gainvest Balanceado - Clase A,2025-03-19,371.255085
Gainvest Balanceado - Clase A,2025-03-20,372.032805
Gainvest Balanceado - Clase A,2025-03-21,372.076906
Gainvest Balanceado - Clase A,2025-03-25,371.062067
Gainvest Balanceado - Clase A,2025-03-26,371.353704
Gainvest Balanceado - Clase A,2025-03-27,370.789671
Gainvest Balanceado - Clase A,2025-03-28,372.816055
Gainvest Balanceado - Clase A,2025-03-31,373.922421
Gainvest Balanceado - Clase A,2025-04-01,377.741792
Gainvest Balanceado - Clase A,2025-04-03,378.284063
Gainvest Balanceado - Clase A,2025-04-04,376.266336
Gainvest Balanceado - Clase A,2025-04-07,370.893529
Gainvest Balanceado - Clase A,2025-04-08,371.52651
Gainvest Balanceado - Clase A,2025-04-09,373.245593
Gainvest Balanceado - Clase A,2025-04-10,374.093794
Gainvest Balanceado - Clase A,2025-04-11,381.306698
Gainvest Balanceado - Clase A,2025-04-14,390.331373
Gainvest Balanceado - Clase A,2025-04-15,392.448627
Gainvest Balanceado - Clase A,2025-04-16,398.392862
Gainvest Balanceado - Clase A,2025-04-21,393.214794
Gainvest Balanceado - Clase A,2025-04-22,388.820052
Gainvest Balanceado - Clase A,2025-04-23,388.508896
Gainvest Balanceado - Clase A,2025-04-24,388.956243
Gainvest Balanceado - Clase A,2025-04-25,389.309659
Gainvest Balanceado - Clase A,2025-04-28,389.173821
Gainvest Balanceado - Clase A,2025-04-29,386.278988
Gainvest Balanceado - Clase A,2025-04-30,388.524266
Gainvest Balanceado - Clase A,2025-05-05,388.787061
Gainvest Balanceado - Clase A,2025-05-06,389.582907
Gainvest Balanceado - Clase A,2025-05-07,391.310627
Gainvest Balanceado - Clase A,2025-05-08,395.289596
Gainvest Balanceado - Clase A,2025-05-09,397.447889
Gainvest Balanceado - Clase A,2025-05-12,395.951478
Gainvest Balanceado - Clase A,2025-05-13,395.52141
Gainvest Balanceado - Clase A,2025-05-14,396.446684
Gainvest Balanceado - Clase A,2025-05-15,398.156337
Gainvest Balanceado - Clase A,2025-05-16,398.942073
Gainvest Balanceado - Clase A,2025-05-19,398.542286
Gainvest Balanceado - Clase A,2025-05-20,398.998418
Gainvest Balanceado - Clase A,2025-05-21,399.56994
Gainvest Balanceado - Clase A,2025-05-22,399.86774
Gainvest Balanceado - Clase A,2025-05-23,400.799448
Gainvest Balanceado - Clase A,2025-05-26,401.131519
Gainvest Balanceado - Clase A,2025-05-27,401.613343
Gainvest Balanceado - Clase A,2025-05-28,403.960465
Gainvest Balanceado - Clase A,2025-05-29,404.22413
Gainvest Balanceado - Clase A,2025-05-30,405.737486
Gainvest Balanceado - Clase A,2025-06-02,405.698414
Gainvest Balanceado - Clase A,2025-06-03,405.088243
Gainvest Balanceado - Clase A,2025-06-04,404.269417
Gainvest Balanceado - Clase A,2025-06-05,403.471701
Gainvest Balanceado - Clase A,2025-06-06,404.292908
Gainvest Balanceado - Clase A,2025-06-09,405.306811
Gainvest Balanceado - Clase A,2025-06-10,405.79664
Gainvest Balanceado - Clase A,2025-06-11,405.34831
Gainvest Balanceado - Clase A,2025-06-12,406.291725
Gainvest Balanceado - Clase A,2025-06-13,410.63881
Gainvest Balanceado - Clase A,2025-06-17,406.705169
Gainvest Balanceado - Clase A,2025-06-18,404.052572
Gainvest Balanceado - Clase A,2025-06-19,406.501554
Gainvest Balanceado - Clase A,2025-06-23,405.012189
Gainvest Balanceado - Clase A,2025-06-24,405.481237
Gainvest Balanceado - Clase A,2025-06-25,405.886042
Gainvest Balanceado - Clase A,2025-06-26,401.628148
Gainvest Balanceado - Clase A,2025-06-27,402.704938
Gainvest Balanceado - Clase A,2025-06-30,400.65234
Gainvest Balanceado - Clase A,2025-07-01,399.863609
Gainvest Balanceado - Clase A,2025-07-02,402.432443
Gainvest Balanceado - Clase A,2025-07-03,403.410426
Gainvest Balanceado - Clase A,2025-07-04,403.970603
Gainvest Balanceado - Clase A,2025-07-07,403.95683
Gainvest Balanceado - Clase A,2025-07-08,404.859042
Gainvest Balanceado - Clase A,2025-07-10,405.214887
Gainvest Balanceado - Clase A,2025-07-11,405.968069
Gainvest Balanceado - Clase A,2025-07-14,405.228875
Gainvest Balanceado - Clase A,2025-07-15,401.366156
Gainvest Balanceado - Clase A,2025-07-16,401.002912
Gainvest Balanceado - Clase A,2025-07-17,398.287358
Gainvest Balanceado - Clase A,2025-07-18,395.774856
Gainvest Balanceado - Clase A,2025-07-21,387.803957
Gainvest Balanceado - Clase A,2025-07-22,387.223741
Gainvest Balanceado - Clase A,2025-07-23,394.539976
Gainvest Balanceado - Clase A,2025-07-24,397.281014
Gainvest Balanceado - Clase A,2025-07-25,394.225298
Gainvest Balanceado - Clase A,2025-07-28,387.512623
Gainvest Balanceado - Clase A,2025-07-29,388.032922
Gainvest Balanceado - Clase A,2025-07-30,388.289341
Gainvest Balanceado - Clase A,2025-07-31,396.794062
Gainvest Balanceado - Clase A,2025-08-01,398.293084
Gainvest Balanceado - Clase A,2025-08-04,400.152824
Gainvest Balanceado - Clase A,2025-08-05,402.249869
Gainvest Balanceado - Clase A,2025-08-06,399.87126
Gainvest Balanceado - Clase A,2025-08-07,393.999899
Gainvest Balanceado - Clase A,2025-08-08,391.535252
Gainvest Balanceado - Clase A,2025-08-11,388.681495
Gainvest Balanceado - Clase A,2025-08-12,389.610296
Gainvest Balanceado - Clase A,2025-08-13,390.594105
Gainvest Balanceado - Clase A,2025-08-14,384.556164
Gainvest Balanceado - Clase A,2025-08-18,381.810228
Gainvest Balanceado - Clase A,2025-08-19,382.280883
Gainvest Balanceado - Clase A,2025-08-20,379.687783
Gainvest Balanceado - Clase A,2025-08-21,378.374537
Gainvest Balanceado - Clase A,2025-08-22,378.300351
Gainvest Balanceado - Clase A,2025-08-25,370.604402
Gainvest Balanceado - Clase A,2025-08-26,374.183646
Gainvest Balanceado - Clase A,2025-08-27,380.161694
Gainvest Balanceado - Clase A,2025-08-28,390.351733
Gainvest Balanceado - Clase A,2025-08-29,391.376025
Gainvest Balanceado - Clase A,2025-09-01,386.647897
Gainvest Balanceado - Clase A,2025-09-02,384.966527
Gainvest Balanceado - Clase A,2025-09-03,382.403766
Gainvest Balanceado - Clase A,2025-09-04,386.496285
Gainvest Balanceado - Clase A,2025-09-05,390.715689
Gainvest Balanceado - Clase A,2025-09-08,380.578693
Gainvest Balanceado - Clase A,2025-09-09,382.330826
Gainvest Balanceado - Clase A,2025-09-10,388.836589
Gainvest Balanceado - Clase A,2025-09-11,395.058728
Gainvest Balanceado - Clase A,2025-09-12,391.973264
Gainvest Balanceado - Clase A,2025-09-15,386.282414
Gainvest Balanceado - Clase A,2025-09-16,386.237409
Gainvest Balanceado - Clase A,2025-09-17,381.215533
Gainvest Balanceado - Clase A,2025-09-18,362.795094
Gainvest Balanceado - Clase A,2025-09-19,348.297015
Gainvest Balanceado - Clase A,2025-09-22,371.622106
Gainvest Balanceado - Clase A,2025-09-23,382.478708
Gainvest Balanceado - Clase A,2025-09-24,399.674624
Gainvest Balanceado - Clase A,2025-09-25,390.713734
Gainvest Balanceado - Clase A,2025-09-26,385.452731
Gainvest Balanceado - Clase A,2025-09-29,378.594678
Gainvest Balanceado - Clase A,2025-09-30,372.707826
Gainvest Balanceado - Clase A,2025-10-02,375.159666
Gainvest Balanceado - Clase A,2025-10-03,388.519675
Gainvest Balanceado - Clase A,2025-10-06,387.28485
Gainvest Balanceado - Clase A,2025-10-07,381.733974
Gainvest Balanceado - Clase A,2025-10-08,379.484334
Gainvest Balanceado - Clase A,2025-10-09,401.866991
Gainvest Balanceado - Clase A,2025-10-14,392.345035
Gainvest Balanceado - Clase A,2025-10-15,395.137906
Gainvest Balanceado - Clase A,2025-10-16,398.815586
Gainvest Balanceado - Clase A,2025-10-17,406.015674
Gainvest Balanceado - Clase A,2025-10-20,405.810391
Gainvest Balanceado - Clase A,2025-10-21,411.34938
Gainvest Balanceado - Clase A,2025-10-22,412.440291
Gainvest Balanceado - Clase A,2025-10-23,413.262018
Gainvest Balanceado - Clase A,2025-10-24,412.588469
Gainvest Balanceado - Clase A,2025-10-27,433.511518
Gainvest Balanceado - Clase A,2025-10-28,436.798766
Gainvest Balanceado - Clase A,2025-10-30,447.283022
Gainvest Balanceado - Clase A,2025-10-31,450.91908
Gainvest Balanceado - Clase A,2025-11-03,451.190921
Gainvest Balanceado - Clase A,2025-11-04,451.20808
Gainvest Balanceado - Clase A,2025-11-05,451.804304
Gainvest Balanceado - Clase A,2025-11-07,452.238044
Gainvest Balanceado - Clase A,2025-11-10,456.319675
Gainvest Balanceado - Clase A,2025-11-11,459.331342
Gainvest Balanceado - Clase A,2025-11-12,460.806059
Gainvest Balanceado - Clase A,2025-11-14,461.269424
Gainvest Balanceado - Clase A,2025-11-17,462.04306
Gainvest Balanceado - Clase A,2025-11-18,462.642887
Gainvest Balanceado - Clase A,2025-11-19,463.036156
Gainvest Balanceado - Clase A,2025-11-20,464.392705
Gainvest Balanceado - Clase A,2025-11-25,464.159709
Gainvest Balanceado - Clase A,2025-11-26,463.501997
Gainvest Balanceado - Clase A,2025-11-27,463.134002
Gainvest Balanceado - Clase A,2025-11-28,465.17075
Gainvest Balanceado - Clase A,2025-12-01,465.841313
Gainvest Balanceado - Clase A,2025-12-02,468.498723
Gainvest Balanceado - Clase A,2025-12-03,469.859301
Gainvest Balanceado - Clase A,2025-12-04,470.429687
Gainvest Balanceado - Clase A,2025-12-05,471.278768
Gainvest Balanceado - Clase A,2025-12-09,471.256042
Gainvest Balanceado - Clase A,2025-12-10,471.992821
Gainvest Balanceado - Clase A,2025-12-11,473.789987
Gainvest Balanceado - Clase A,2025-12-12,478.193359
Gainvest Balanceado - Clase A,2025-12-15,482.643539
Gainvest Balanceado - Clase A,2025-12-16,484.537734
Gainvest Balanceado - Clase A,2025-12-17,485.6639
Gainvest Balanceado - Clase A,2025-12-18,486.809849
Gainvest Balanceado - Clase A,2025-12-19,487.720234
Gainvest Balanceado - Clase A,2025-12-22,486.94048
Gainvest Balanceado - Clase A,2025-12-23,486.129808
Gainvest Balanceado - Clase A,2025-12-26,485.49301
Gainvest Balanceado - Clase A,2025-12-29,484.201429
Gainvest Balanceado - Clase A,2025-12-30,482.800978
Gainvest Balanceado - Clase A,2026-01-02,484.642031
Gainvest Balanceado - Clase A,2026-01-05,486.586821
Gainvest Balanceado - Clase A,2026-01-06,486.740396
Gainvest Balanceado - Clase A,2026-01-07,488.579296
Gainvest Balanceado - Clase A,2026-01-08,488.624862
Gainvest Balanceado - Clase A,2026-01-09,491.246159
Gainvest Balanceado - Clase A,2026-01-12,491.315708
Gainvest Balanceado - Clase A,2026-01-13,491.554008
Gainvest Balanceado - Clase A,2026-01-14,491.923724
Gainvest Balanceado - Clase A,2026-01-15,489.889406
Gainvest Balanceado - Clase A,2026-01-16,490.153463
Gainvest Balanceado - Clase A,2026-01-19,488.87984
Gainvest Balanceado - Clase A,2026-01-20,489.566111
Gainvest Balanceado - Clase A,2026-01-21,489.263887
Gainvest Balanceado - Clase A,2026-01-22,491.256389
Gainvest Balanceado - Clase A,2026-01-23,493.123405
Gainvest Balanceado - Clase A,2026-01-26,493.349473
Gainvest Balanceado - Clase A,2026-01-27,495.549136
Gainvest Balanceado - Clase A,2026-01-28,495.039505
Gainvest Balanceado - Clase A,2026-01-29,494.505542
Gainvest Balanceado - Clase A,2026-01-30,495.630397
Gainvest Balanceado - Clase A,2026-02-02,494.886404
Gainvest Balanceado - Clase A,2026-02-03,495.598451
Gainvest Balanceado - Clase A,2026-02-04,499.334156
Gainvest Balanceado - Clase A,2026-02-05,500.857631
Gainvest Balanceado - Clase A,2026-02-06,504.25191
Gainvest Balanceado - Clase A,2026-02-09,504.93066
Gainvest Balanceado - Clase A,2026-02-10,505.22556
Gainvest Balanceado - Clase A,2026-02-11,504.789239
Gainvest Balanceado - Clase A,2026-02-12,506.03229
Gainvest Balanceado - Clase A,2026-02-13,510.263362
Gainvest Balanceado - Clase A,2026-02-18,510.535038
Gainvest Balanceado - Clase A,2026-02-19,510.095247
Gainvest Balanceado - Clase A,2026-02-20,511.33385
Gainvest Balanceado - Clase A,2026-02-23,511.420584
Gainvest Balanceado - Clase A,2026-02-24,512.958901
Gainvest Balanceado - Clase A,2026-02-25,513.201446
Gainvest Balanceado - Clase A,2026-02-26,515.833081
Gainvest Balanceado - Clase A,2026-03-02,519.359516
Gainvest Balanceado - Clase A,2026-03-03,519.930229
Gainvest Balanceado - Clase A,2026-03-04,522.236682
Gainvest Balanceado - Clase A,2026-03-05,522.595528
Gainvest Balanceado - Clase A,2026-03-06,523.605613
Gainvest Balanceado - Clase A,2026-03-09,523.907082
Gainvest Balanceado - Clase A,2026-03-10,524.61267
Gainvest Balanceado - Clase A,2026-03-11,525.111431
Gainvest Balanceado - Clase A,2026-03-12,526.321708
Gainvest Balanceado - Clase A,2026-03-13,531.317818
Gainvest Balanceado - Clase A,2026-03-16,537.541415
Gainvest Balanceado - Clase A,2026-03-17,539.054603
Gainvest Balanceado - Clase A,2026-03-18,539.243276
Gainvest Balanceado - Clase A,2026-03-19,539.338152
Gainvest Balanceado - Clase A,2026-03-20,541.113104
Gainvest Balanceado - Clase A,2026-03-25,541.623974
Gainvest Balanceado - Clase A,2026-03-26,547.682907
Gainvest Balanceado - Clase A,2026-03-27,551.956292
Gainvest Balanceado - Clase A,2026-03-30,550.020261
Gainvest Balanceado - Clase A,2026-03-31,553.733226
Gainvest Balanceado - Clase A,2026-04-01,556.646139
Gainvest Balanceado - Clase A,2026-04-06,557.738314
Gainvest Balanceado - Clase A,2026-04-07,557.388014
Gainvest Balanceado - Clase A,2026-04-08,558.325763
Gainvest Balanceado - Clase A,2026-04-09,560.390026
Gainvest Balanceado - Clase A,2026-04-10,560.707263
Gainvest Balanceado - Clase A,2026-04-13,561.572808
Gainvest Balanceado - Clase A,2026-04-14,564.029111
Gainvest Balanceado - Clase A,2026-04-15,565.325613
Gainvest Balanceado - Clase A,2026-04-16,565.881073
Gainvest Balanceado - Clase A,2026-04-17,571.262419
Gainvest Balanceado - Clase A,2026-04-20,570.629757
Gainvest Balanceado - Clase A,2026-04-21,569.909761
Gainvest Balanceado - Clase A,2026-04-22,570.224064
Gainvest Balanceado - Clase A,2026-04-23,567.99294
Gainvest Balanceado - Clase A,2026-04-24,567.884922
Gainvest Balanceado - Clase A,2026-04-27,565.270787
Gainvest Balanceado - Clase A,2026-04-28,564.792709
Gainvest Balanceado - Clase A,2026-04-29,561.908913
Gainvest Balanceado - Clase A,2026-04-30,568.622733
Gainvest Balanceado - Clase A,2026-05-04,568.391463
Gainvest Balanceado - Clase A,2026-05-05,569.261245
Gainvest Balanceado - Clase A,2026-05-06,570.259127
Gainvest Balanceado - Clase A,2026-05-07,571.341766
Gainvest Balanceado - Clase A,2026-05-08,573.457221
Gainvest Balanceado - Clase A,2026-05-11,573.63343
Gainvest Balanceado - Clase A,2026-05-12,573.703273
Gainvest Balanceado - Clase A,2026-05-13,574.239955
Gainvest Balanceado - Clase A,2026-05-14,578.770672
Gainvest Balanceado - Clase A,2026-05-15,580.164785
Gainvest Balanceado - Clase A,2026-05-20,580.826108
Gainvest Balanceado - Clase A,2026-05-21,581.234199
Gainvest Balanceado - Clase A,2026-05-22,582.176637
Gainvest Balanceado - Clase A,2026-05-26,584.070675
Gainvest Balanceado - Clase A,2026-05-28,585.468686
Gainvest Balanceado - Clase A,2026-05-29,588.180892
Gainvest Balanceado - Clase A,2026-06-01,589.641058
Gainvest Balanceado - Clase A,2026-06-03,589.718504
Gainvest Balanceado - Clase A,2026-06-05,591.336115
Gainvest Balanceado - Clase A,2026-06-10,594.245686
Gainvest Balanceado - Clase A,2026-06-11,595.878544
Gainvest Balanceado - Clase A,2026-06-16,598.057446
Gainvest Balanceado - Clase A,2026-06-17,596.509097
Gainvest Balanceado - Clase A,2026-06-18,596.385958
Gainvest Balanceado - Clase A,2026-06-19,596.622383
Gainvest Balanceado - Clase A,2026-06-22,596.52928
Gainvest Balanceado - Clase A,2026-06-23,594.526857
Gainvest Balanceado - Clase A,2026-06-26,593.009384
Gainvest Balanceado - Clase A,2026-06-29,595.036391
Gainvest Balanceado - Clase A,2026-06-30,595.318754
Gainvest Balanceado - Clase A,2026-07-01,596.270849
Gainvest Balanceado - Clase A,2026-07-02,597.458997
Gainvest Balanceado - Clase A,2026-07-03,601.119137
Gainvest Balanceado - Clase A,2026-07-06,603.328172
Gainvest Balanceado - Clase A,2026-07-08,604.256352
Gainvest Balanceado - Clase A,2026-07-13,604.330682
Gainvest Balanceado - Clase A,2026-07-14,605.147438
Gainvest Balanceado - Clase A,2026-07-15,606.952543
Gainvest Balanceado - Clase A,2026-07-16,604.421691
Gainvest Balanceado - Clase A,2026-07-17,606.840087
Gainvest Balanceado - Clase A,2026-07-21,607.017098
Gainvest Balanceado - Clase A,2026-07-22,607.509376
Gainvest Balanceado - Clase A,2026-07-23,607.340096
Gainvest Balanceado - Clase A,2026-07-24,608.701728
Gainvest Balanceado - Clase A,2026-07-27,608.925945
Gainvest Balanceado - Clase A,2026-07-28,608.587498
Gainvest Balanceado - Clase A,2026-07-29,608.766545
Gainvest Balanceado - Clase A,2026-07-30,606.914747
Gainvest Balanceado - Clase A,2026-07-31,610.420121
Gainvest Balanceado - Clase A,2026-08-03,606.8442
Gainvest Balanceado - Clase A,2026-08-04,606.224869
Gainvest Balanceado - Clase A,2026-08-05,604.427311
Gainvest Balanceado - Clase A,2026-08-06,604.316867
Gainvest Balanceado - Clase A,2026-08-07,607.422134
Gainvest Balanceado - Clase A,2026-08-10,609.843498
Gainvest Balanceado - Clase A,2026-08-11,609.828754
Gainvest Balanceado - Clase A,2026-08-12,610.18828
Gainvest Balanceado - Clase A,2026-08-13,609.97711
Gainvest Balanceado - Clase A,2026-08-14,610.191732
Gainvest Balanceado - Clase A,2026-08-18,608.696176
Gainvest Balanceado - Clase A,2026-08-19,604.393907
Gainvest Balanceado - Clase A,2026-08-20,607.151043
Gainvest Balanceado - Clase A,2026-08-21,608.434815
Gainvest Balanceado - Clase A,2026-08-24,608.786162
Gainvest Balanceado - Clase A,2026-08-25,608.64507
Gainvest Balanceado - Clase A,2026-08-26,608.978011
Gainvest Balanceado - Clase A,2026-08-27,609.040402
Gainvest Balanceado - Clase A,2026-08-28,608.893854
Gainvest Balanceado - Clase A,2026-08-31,609.48798
Gainvest Balanceado - Clase A,2026-09-01,610.735655
Gainvest Balanceado - Clase A,2026-09-02,612.965371
Gainvest Balanceado - Clase A,2026-09-03,615.161294
Gainvest Balanceado - Clase A,2026-09-04,616.926625
Gainvest Balanceado - Clase A,2026-09-07,616.961428
Gainvest Balanceado - Clase A,2026-09-08,617.625913
Gainvest Balanceado - Clase A,2026-09-09,616.883808
Gainvest Balanceado - Clase A,2026-09-11,618.625402
Gainvest Balanceado - Clase A,2026-09-14,622.00717
Parakeet Global - Clase A,2024-10-17,1.0
Parakeet Global - Clase A,2024-10-18,1.0
Parakeet Global - Clase A,2024-10-21,1.0
Parakeet Global - Clase A,2024-10-22,1.0
Parakeet Global - Clase A,2024-10-23,1.0
Parakeet Global - Clase A,2024-10-24,1.0
Parakeet Global - Clase A,2024-10-25,1.0
Parakeet Global - Clase A,2024-10-28,1.0
Parakeet Global - Clase A,2024-10-29,1.0
Parakeet Global - Clase A,2024-10-30,1.0
Parakeet Global - Clase A,2024-10-31,1.0
Parakeet Global - Clase A,2024-11-01,1.0
Parakeet Global - Clase A,2024-11-04,1.0
Parakeet Global - Clase A,2024-11-05,1.0
Parakeet Global - Clase A,2024-11-07,1.0
Parakeet Global - Clase A,2024-11-08,1.0
Parakeet Global - Clase A,2024-11-11,1.0
Parakeet Global - Clase A,2024-11-12,1.0
Parakeet Global - Clase A,2024-11-13,1.0
Parakeet Global - Clase A,2024-11-14,1.0
Parakeet Global - Clase A,2024-11-15,1.0
Parakeet Global - Clase A,2024-11-19,1.0
Parakeet Global - Clase A,2024-11-20,1.0
Parakeet Global - Clase A,2024-11-21,1.0
Parakeet Global - Clase A,2024-11-22,1.0
Parakeet Global - Clase A,2024-11-25,1.0
Parakeet Global - Clase A,2024-11-26,1.0
Parakeet Global - Clase A,2024-11-27,1.0
Parakeet Global - Clase A,2024-11-28,1.0
Parakeet Global - Clase A,2024-11-29,1.0
Parakeet Global - Clase A,2024-12-02,1.0
Parakeet Global - Clase A,2024-12-03,1.0
Parakeet Global - Clase A,2024-12-04,1.0
Parakeet Global - Clase A,2024-12-05,1.0
Parakeet Global - Clase A,2024-12-06,1.0
Parakeet Global - Clase A,2024-12-09,1.0
Parakeet Global - Clase A,2024-12-10,1.0
Parakeet Global - Clase A,2024-12-11,1.0
Parakeet Global - Clase A,2024-12-12,1.0
Parakeet Global - Clase A,2024-12-13,1.0
Parakeet Global - Clase A,2024-12-16,1.0
Parakeet Global - Clase A,2024-12-17,1.0
Parakeet Global - Clase A,2024-12-18,1.0
Parakeet Global - Clase A,2024-12-19,0.9968
Parakeet Global - Clase A,2024-12-20,0.9944
Parakeet Global - Clase A,2024-12-23,0.9942
Parakeet Global - Clase A,2024-12-26,0.994878
Parakeet Global - Clase A,2024-12-27,0.995683
Parakeet Global - Clase A,2024-12-30,0.996519
Parakeet Global - Clase A,2025-01-02,0.998002
Parakeet Global - Clase A,2025-01-03,0.998335
Parakeet Global - Clase A,2025-01-06,1.000863
Parakeet Global - Clase A,2025-01-07,1.001213
Parakeet Global - Clase A,2025-01-08,1.002507
Parakeet Global - Clase A,2025-01-09,1.002461
Parakeet Global - Clase A,2025-01-10,1.000933
Parakeet Global - Clase A,2025-01-13,1.001327
Parakeet Global - Clase A,2025-01-14,1.000312
Parakeet Global - Clase A,2025-01-15,0.999809
Parakeet Global - Clase A,2025-01-16,1.000425
Parakeet Global - Clase A,2025-01-17,0.997957
Parakeet Global - Clase A,2025-01-20,0.997456
Parakeet Global - Clase A,2025-01-21,0.998612
Parakeet Global - Clase A,2025-01-22,0.997998
Parakeet Global - Clase A,2025-01-23,0.996144
Parakeet Global - Clase A,2025-01-24,0.995182
Parakeet Global - Clase A,2025-01-27,0.997022
Parakeet Global - Clase A,2025-01-28,0.99816
Parakeet Global - Clase A,2025-01-29,0.998224
Parakeet Global - Clase A,2025-01-30,0.999518
Parakeet Global - Clase A,2025-01-31,0.999973
Parakeet Global - Clase A,2025-02-03,0.996572
Parakeet Global - Clase A,2025-02-04,0.996432
Parakeet Global - Clase A,2025-02-05,0.997075
Parakeet Global - Clase A,2025-02-06,0.996369
Parakeet Global - Clase A,2025-02-07,0.997005
Parakeet Global - Clase A,2025-02-10,0.994846
Parakeet Global - Clase A,2025-02-11,0.994387
Parakeet Global - Clase A,2025-02-12,0.993541
Parakeet Global - Clase A,2025-02-13,0.994442
Parakeet Global - Clase A,2025-02-14,0.997865
Parakeet Global - Clase A,2025-02-17,0.995009
Parakeet Global - Clase A,2025-02-18,0.997785
Parakeet Global - Clase A,2025-02-19,0.995711
Parakeet Global - Clase A,2025-02-20,0.998902
Parakeet Global - Clase A,2025-02-21,1.000115
Parakeet Global - Clase A,2025-02-24,0.997362
Parakeet Global - Clase A,2025-02-25,0.998905
Parakeet Global - Clase A,2025-02-26,0.997532
Parakeet Global - Clase A,2025-02-27,0.995535
Parakeet Global - Clase A,2025-02-28,0.995764
Parakeet Global - Clase A,2025-03-05,0.99453
Parakeet Global - Clase A,2025-03-06,0.992112
Parakeet Global - Clase A,2025-03-07,0.993376
Parakeet Global - Clase A,2025-03-10,0.992567
Parakeet Global - Clase A,2025-03-11,0.989563
Parakeet Global - Clase A,2025-03-12,0.988925
Parakeet Global - Clase A,2025-03-13,0.989042
Parakeet Global - Clase A,2025-03-14,0.988697
Parakeet Global - Clase A,2025-03-17,0.989253
Parakeet Global - Clase A,2025-03-18,0.987508
Parakeet Global - Clase A,2025-03-19,0.990709
Parakeet Global - Clase A,2025-03-20,0.990695
Parakeet Global - Clase A,2025-03-21,0.991875
Parakeet Global - Clase A,2025-03-25,0.992495
Parakeet Global - Clase A,2025-03-26,0.991412
Parakeet Global - Clase A,2025-03-27,0.991935
Parakeet Global - Clase A,2025-03-28,0.992059
Parakeet Global - Clase A,2025-03-31,0.991711
Parakeet Global - Clase A,2025-04-01,0.991488
Parakeet Global - Clase A,2025-04-03,0.987498
Parakeet Global - Clase A,2025-04-04,0.977698
Parakeet Global - Clase A,2025-04-07,0.967585
Parakeet Global - Clase A,2025-04-08,0.964251
Parakeet Global - Clase A,2025-04-09,0.959982
Parakeet Global - Clase A,2025-04-10,0.962329
Parakeet Global - Clase A,2025-04-11,0.960374
Parakeet Global - Clase A,2025-04-14,0.964305
Parakeet Global - Clase A,2025-04-15,0.969747
Parakeet Global - Clase A,2025-04-21,0.977157
Parakeet Global - Clase A,2025-04-22,0.984393
Parakeet Global - Clase A,2025-04-23,0.990456
Parakeet Global - Clase A,2025-04-24,0.991719
Parakeet Global - Clase A,2025-04-28,0.991114
Parakeet Global - Clase A,2025-04-29,0.992601
Parakeet Global - Clase A,2025-04-30,0.992583
Parakeet Global - Clase A,2025-05-05,0.986636
Parakeet Global - Clase A,2025-05-06,0.985225
Parakeet Global - Clase A,2025-05-07,0.985534
Parakeet Global - Clase A,2025-05-08,0.985189
Parakeet Global - Clase A,2025-05-09,0.985263
Parakeet Global - Clase A,2025-05-12,0.985788
Parakeet Global - Clase A,2025-05-13,0.987376
Parakeet Global - Clase A,2025-05-14,0.987673
Parakeet Global - Clase A,2025-05-15,0.988218
Parakeet Global - Clase A,2025-05-16,0.990572
Parakeet Global - Clase A,2025-05-19,0.989654
Parakeet Global - Clase A,2025-05-21,0.98701
Parakeet Global - Clase A,2025-05-22,0.988291
Parakeet Global - Clase A,2025-05-23,0.988951
Parakeet Global - Clase A,2025-05-26,0.988346
Parakeet Global - Clase A,2025-05-27,0.989184
Parakeet Global - Clase A,2025-05-28,0.987584
Parakeet Global - Clase A,2025-05-29,0.988093
Parakeet Global - Clase A,2025-05-30,0.986731
Parakeet Global - Clase A,2025-06-02,0.986293
Parakeet Global - Clase A,2025-06-03,0.986167
Parakeet Global - Clase A,2025-06-04,0.98511
Parakeet Global - Clase A,2025-06-05,0.984231
Parakeet Global - Clase A,2025-06-06,0.982178
Parakeet Global - Clase A,2025-06-09,0.981916
Parakeet Global - Clase A,2025-06-11,0.982749
Parakeet Global - Clase A,2025-06-12,0.984634
Parakeet Global - Clase A,2025-06-13,0.983606
Parakeet Global - Clase A,2025-06-17,0.983035
Parakeet Global - Clase A,2025-06-18,0.984977
Parakeet Global - Clase A,2025-06-19,0.985026
Parakeet Global - Clase A,2025-06-23,0.986184
Parakeet Global - Clase A,2025-06-24,0.988759
Parakeet Global - Clase A,2025-06-25,0.989528
Parakeet Global - Clase A,2025-06-26,0.990631
Parakeet Global - Clase A,2025-06-27,0.992078
Parakeet Global - Clase A,2025-07-01,0.993538
Parakeet Global - Clase A,2025-07-02,0.993395
Parakeet Global - Clase A,2025-07-03,0.993124
Parakeet Global - Clase A,2025-07-04,0.994074
Parakeet Global - Clase A,2025-07-07,0.992746
Parakeet Global - Clase A,2025-07-08,0.991756
Parakeet Global - Clase A,2025-07-10,0.991602
Parakeet Global - Clase A,2025-07-11,0.991647
Parakeet Global - Clase A,2025-07-14,0.991135
Parakeet Global - Clase A,2025-07-15,0.990459
Parakeet Global - Clase A,2025-07-16,0.99093
Parakeet Global - Clase A,2025-07-17,0.991205
Parakeet Global - Clase A,2025-07-18,0.992432
Parakeet Global - Clase A,2025-07-21,0.993023
Parakeet Global - Clase A,2025-07-22,0.993138
Parakeet Global - Clase A,2025-07-23,0.993236
Parakeet Global - Clase A,2025-07-24,0.993056
Parakeet Global - Clase A,2025-07-25,0.994242
Parakeet Global - Clase A,2025-07-28,0.993977
Parakeet Global - Clase A,2025-07-29,0.994863
Parakeet Global - Clase A,2025-07-30,0.993665
Parakeet Global - Clase A,2025-08-01,0.995464
Parakeet Global - Clase A,2025-08-04,0.996188
Parakeet Global - Clase A,2025-08-05,0.99561
Parakeet Global - Clase A,2025-08-06,0.995325
Parakeet Global - Clase A,2025-08-07,0.995819
Parakeet Global - Clase A,2025-08-08,0.996816
Parakeet Global - Clase A,2025-08-11,0.997431
Parakeet Global - Clase A,2025-08-12,0.999762
Parakeet Global - Clase A,2025-08-13,1.002336
Parakeet Global - Clase A,2025-08-14,1.002691
Parakeet Global - Clase A,2025-08-18,1.001987
Parakeet Global - Clase A,2025-08-19,1.001674
Parakeet Global - Clase A,2025-08-20,1.00084
Parakeet Global - Clase A,2025-08-21,1.000363
Parakeet Global - Clase A,2025-08-22,1.000998
Parakeet Global - Clase A,2025-08-25,0.999075
Parakeet Global - Clase A,2025-08-26,0.999529
Parakeet Global - Clase A,2025-08-27,0.999874
Parakeet Global - Clase A,2025-08-28,1.001005
Parakeet Global - Clase A,2025-08-29,1.002432
Parakeet Global - Clase A,2025-09-01,1.002107
Parakeet Global - Clase A,2025-09-02,1.001034
Parakeet Global - Clase A,2025-09-03,1.003501
Parakeet Global - Clase A,2025-09-04,1.004166
Parakeet Global - Clase A,2025-09-05,1.007556
Parakeet Global - Clase A,2025-09-08,1.005242
Parakeet Global - Clase A,2025-09-09,1.005435
Parakeet Global - Clase A,2025-09-10,1.007161
Parakeet Global - Clase A,2025-09-11,1.00985
Parakeet Global - Clase A,2025-09-12,1.009369
Parakeet Global - Clase A,2025-09-15,1.009991
Parakeet Global - Clase A,2025-09-16,1.010495
Parakeet Global - Clase A,2025-09-17,1.011422
Parakeet Global - Clase A,2025-09-18,1.013385
Parakeet Global - Clase A,2025-09-19,1.010759
Parakeet Global - Clase A,2025-09-22,1.014458
Parakeet Global - Clase A,2025-09-23,1.015155
Parakeet Global - Clase A,2025-09-24,1.016924
Parakeet Global - Clase A,2025-09-25,1.015543
Parakeet Global - Clase A,2025-09-26,1.015717
Parakeet Global - Clase A,2025-09-29,1.016294
Parakeet Global - Clase A,2025-09-30,1.015508
Parakeet Global - Clase A,2025-10-01,1.01602
Parakeet Global - Clase A,2025-10-02,1.015531
Parakeet Global - Clase A,2025-10-03,1.015622
Parakeet Global - Clase A,2025-10-06,1.012984
Parakeet Global - Clase A,2025-10-07,1.016119
Parakeet Global - Clase A,2025-10-08,1.016489
Parakeet Global - Clase A,2025-10-09,1.014355
Parakeet Global - Clase A,2025-10-13,1.012155
Parakeet Global - Clase A,2025-10-14,1.012956
Parakeet Global - Clase A,2025-10-15,1.013294
Parakeet Global - Clase A,2025-10-16,1.013487
Parakeet Global - Clase A,2025-10-17,1.014393
Parakeet Global - Clase A,2025-10-20,1.014332
Parakeet Global - Clase A,2025-10-21,1.015043
Parakeet Global - Clase A,2025-10-22,1.014616
Parakeet Global - Clase A,2025-10-23,1.014838
Parakeet Global - Clase A,2025-10-24,1.014917
Parakeet Global - Clase A,2025-10-27,1.019106
Parakeet Global - Clase A,2025-10-28,1.020042
Parakeet Global - Clase A,2025-10-29,1.020732
Parakeet Global - Clase A,2025-10-30,1.021565
Parakeet Global - Clase A,2025-10-31,1.021073
Parakeet Global - Clase A,2025-11-03,1.0218
Parakeet Global - Clase A,2025-11-04,1.021475
Parakeet Global - Clase A,2025-11-05,1.020969
Parakeet Global - Clase A,2025-11-07,1.021892
Parakeet Global - Clase A,2025-11-10,1.020803
Parakeet Global - Clase A,2025-11-11,1.021634
Parakeet Global - Clase A,2025-11-12,1.022848
Parakeet Global - Clase A,2025-11-13,1.023332
Parakeet Global - Clase A,2025-11-14,1.025064
Parakeet Global - Clase A,2025-11-17,1.026172
Parakeet Global - Clase A,2025-11-18,1.026557
Parakeet Global - Clase A,2025-11-19,1.024497
Parakeet Global - Clase A,2025-11-20,1.026432
Parakeet Global - Clase A,2025-11-25,1.027935
Parakeet Global - Clase A,2025-11-26,1.028445
Parakeet Global - Clase A,2025-11-27,1.027327
Parakeet Global - Clase A,2025-11-28,1.027458
Parakeet Global - Clase A,2025-12-01,1.025751
Parakeet Global - Clase A,2025-12-02,1.026022
Parakeet Global - Clase A,2025-12-03,1.027116
Parakeet Global - Clase A,2025-12-04,1.026807
Parakeet Global - Clase A,2025-12-05,1.028092
Parakeet Global - Clase A,2025-12-09,1.027606
Parakeet Global - Clase A,2025-12-10,1.026792
Parakeet Global - Clase A,2025-12-11,1.026605
Parakeet Global - Clase A,2025-12-12,1.025816
Parakeet Global - Clase A,2025-12-15,1.02488
Parakeet Global - Clase A,2025-12-16,1.026913
Parakeet Global - Clase A,2025-12-17,1.029354
Parakeet Global - Clase A,2025-12-18,1.030623
Parakeet Global - Clase A,2025-12-19,1.030992
Parakeet Global - Clase A,2025-12-22,1.032243
Parakeet Global - Clase A,2025-12-23,1.032295
Parakeet Global - Clase A,2025-12-26,1.032786
Parakeet Global - Clase A,2025-12-29,1.032915
Parakeet Global - Clase A,2025-12-30,1.032639
Parakeet Global - Clase A,2026-01-05,1.032825
Parakeet Global - Clase A,2026-01-06,1.032162
Parakeet Global - Clase A,2026-01-07,1.032083
Parakeet Global - Clase A,2026-01-08,1.032243
Parakeet Global - Clase A,2026-01-09,1.033159
Parakeet Global - Clase A,2026-01-12,1.032309
Parakeet Global - Clase A,2026-01-13,1.032664
Parakeet Global - Clase A,2026-01-14,1.034863
Parakeet Global - Clase A,2026-01-15,1.035927
Parakeet Global - Clase A,2026-01-16,1.037
Parakeet Global - Clase A,2026-01-19,1.036996
Parakeet Global - Clase A,2026-01-20,1.038161
Parakeet Global - Clase A,2026-01-21,1.038734
Parakeet Global - Clase A,2026-01-22,1.040208
Parakeet Global - Clase A,2026-01-23,1.040508
Parakeet Global - Clase A,2026-01-26,1.040149
Parakeet Global - Clase A,2026-01-27,1.039445
Parakeet Global - Clase A,2026-01-28,1.041199
Parakeet Global - Clase A,2026-01-29,1.040451
Parakeet Global - Clase A,2026-01-30,1.039675
Parakeet Global - Clase A,2026-02-02,1.038108
Parakeet Global - Clase A,2026-02-03,1.037671
Parakeet Global - Clase A,2026-02-05,1.037633
Parakeet Global - Clase A,2026-02-06,1.037176
Parakeet Global - Clase A,2026-02-09,1.037121
Parakeet Global - Clase A,2026-02-10,1.037346
Parakeet Global - Clase A,2026-02-11,1.038117
Parakeet Global - Clase A,2026-02-12,1.038288
Parakeet Global - Clase A,2026-02-13,1.040286
Parakeet Global - Clase A,2026-02-18,1.039426
Parakeet Global - Clase A,2026-02-19,1.040556
Parakeet Global - Clase A,2026-02-20,1.042224
Parakeet Global - Clase A,2026-02-23,1.043351
Parakeet Global - Clase A,2026-02-24,1.044004
Parakeet Global - Clase A,2026-02-25,1.042313
Parakeet Global - Clase A,2026-02-26,1.042532
Parakeet Global - Clase A,2026-03-03,1.039281
Parakeet Global - Clase A,2026-03-04,1.040898
Parakeet Global - Clase A,2026-03-05,1.040379
Parakeet Global - Clase A,2026-03-06,1.040228
Parakeet Global - Clase A,2026-03-09,1.040442
Parakeet Global - Clase A,2026-03-10,1.042214
Parakeet Global - Clase A,2026-03-11,1.041426
Parakeet Global - Clase A,2026-03-12,1.041422
Parakeet Global - Clase A,2026-03-13,1.04124
Parakeet Global - Clase A,2026-03-16,1.042623
Parakeet Global - Clase A,2026-03-17,1.043396
Parakeet Global - Clase A,2026-03-18,1.04345
Parakeet Global - Clase A,2026-03-19,1.042679
Parakeet Global - Clase A,2026-03-20,1.041653
Parakeet Global - Clase A,2026-03-25,1.042214
Parakeet Global - Clase A,2026-03-26,1.041287
Parakeet Global - Clase A,2026-03-27,1.040393
Parakeet Global - Clase A,2026-03-30,1.03994
Parakeet Global - Clase A,2026-03-31,1.040637
Parakeet Global - Clase A,2026-04-01,1.042099
Parakeet Global - Clase A,2026-04-06,1.042321
Parakeet Global - Clase A,2026-04-07,1.04407
Parakeet Global - Clase A,2026-04-08,1.046497
Parakeet Global - Clase A,2026-04-09,1.047427
Parakeet Global - Clase A,2026-04-10,1.051014
Parakeet Global - Clase A,2026-04-13,1.051779
Parakeet Global - Clase A,2026-04-14,1.05216
Parakeet Global - Clase A,2026-04-15,1.051879
Parakeet Global - Clase A,2026-04-16,1.050594
Parakeet Global - Clase A,2026-04-17,1.052749
Parakeet Global - Clase A,2026-04-20,1.0534
Parakeet Global - Clase A,2026-04-21,1.054276
Parakeet Global - Clase A,2026-04-22,1.054933
Parakeet Global - Clase A,2026-04-23,1.055192
Parakeet Global - Clase A,2026-04-24,1.055961
Parakeet Global - Clase A,2026-04-27,1.057375
Parakeet Global - Clase A,2026-04-28,1.055728
Parakeet Global - Clase A,2026-04-29,1.053724
Parakeet Global - Clase A,2026-04-30,1.055426
Parakeet Global - Clase A,2026-05-04,1.055817
Parakeet Global - Clase A,2026-05-05,1.056416
Parakeet Global - Clase A,2026-05-06,1.057417
Parakeet Global - Clase A,2026-05-07,1.057778
Parakeet Global - Clase A,2026-05-08,1.059187
Parakeet Global - Clase A,2026-05-11,1.058678
Parakeet Global - Clase A,2026-05-12,1.057517
Parakeet Global - Clase A,2026-05-13,1.057306
Parakeet Global - Clase A,2026-05-14,1.057947
Parakeet Global - Clase A,2026-05-15,1.056531
Parakeet Global - Clase A,2026-05-18,1.054838
Parakeet Global - Clase A,2026-05-19,1.05292
Parakeet Global - Clase A,2026-05-20,1.053532
Parakeet Global - Clase A,2026-05-21,1.053795
Parakeet Global - Clase A,2026-05-22,1.054359
Parakeet Global - Clase A,2026-05-26,1.054957
Parakeet Global - Clase A,2026-05-27,1.054908
Parakeet Global - Clase A,2026-05-28,1.055097
Parakeet Global - Clase A,2026-05-29,1.05583
Parakeet Global - Clase A,2026-06-01,1.055651
Parakeet Global - Clase A,2026-06-02,1.057086
Parakeet Global - Clase A,2026-06-03,1.058235
Parakeet Global - Clase A,2026-06-04,1.058841
Parakeet Global - Clase A,2026-06-05,1.059357
Parakeet Global - Clase A,2026-06-08,1.058197
Parakeet Global - Clase A,2026-06-09,1.058612
Parakeet Global - Clase A,2026-06-10,1.058158
Parakeet Global - Clase A,2026-06-11,1.057931
Parakeet Global - Clase A,2026-06-12,1.060254
Parakeet Global - Clase A,2026-06-16,1.059975
Parakeet Global - Clase A,2026-06-17,1.058638
Parakeet Global - Clase A,2026-06-18,1.056873
Parakeet Global - Clase A,2026-06-19,1.056409
Parakeet Global - Clase A,2026-06-22,1.055766
Parakeet Global - Clase A,2026-06-23,1.056175
Parakeet Global - Clase A,2026-06-24,1.057192
Parakeet Global - Clase A,2026-06-25,1.057448
Parakeet Global - Clase A,2026-06-26,1.057304
Parakeet Global - Clase A,2026-06-29,1.057244
Parakeet Global - Clase A,2026-06-30,1.056907
Parakeet Global - Clase A,2026-07-01,1.057002
Parakeet Global - Clase A,2026-07-02,1.057459
Parakeet Global - Clase A,2026-07-03,1.057486
Parakeet Global - Clase A,2026-07-06,1.057512
Parakeet Global - Clase A,2026-07-07,1.057493
Parakeet Global - Clase A,2026-07-08,1.057004
Parakeet Global - Clase A,2026-07-13,1.056199
Parakeet Global - Clase A,2026-07-14,1.056843
Parakeet Global - Clase A,2026-07-15,1.058076
Parakeet Global - Clase A,2026-07-16,1.058193
Parakeet Global - Clase A,2026-07-17,1.059636
Parakeet Global - Clase A,2026-07-20,1.061295
Parakeet Global - Clase A,2026-07-21,1.061602
Parakeet Global - Clase A,2026-07-22,1.062639
Parakeet Global - Clase A,2026-07-23,1.061793
Parakeet Global - Clase A,2026-07-24,1.06258
Parakeet Global - Clase A,2026-07-27,1.062958
Parakeet Global - Clase A,2026-07-28,1.063102
Parakeet Global - Clase A,2026-07-29,1.06254
Parakeet Global - Clase A,2026-07-30,1.0618
Parakeet Global - Clase A,2026-07-31,1.061666
Parakeet Global - Clase A,2026-08-03,1.062193
Parakeet Global - Clase A,2026-08-04,1.063444
Parakeet Global - Clase A,2026-08-05,1.063032
Parakeet Global - Clase A,2026-08-06,1.062693
Parakeet Global - Clase A,2026-08-07,1.063405
Parakeet Global - Clase A,2026-08-10,1.063706
Parakeet Global - Clase A,2026-08-11,1.064764
Parakeet Global - Clase A,2026-08-12,1.064449
Parakeet Global - Clase A,2026-08-13,1.065076
Parakeet Global - Clase A,2026-08-14,1.064742
Parakeet Global - Clase A,2026-08-18,1.062967
Parakeet Global - Clase A,2026-08-19,1.063472
Parakeet Global - Clase A,2026-08-20,1.062159
Parakeet Global - Clase A,2026-08-21,1.062343
Parakeet Global - Clase A,2026-08-24,1.062883
Parakeet Global - Clase A,2026-08-25,1.064144
Parakeet Global - Clase A,2026-08-26,1.06455
Parakeet Global - Clase A,2026-08-27,1.0652
Parakeet Global - Clase A,2026-08-28,1.064991
Parakeet Global - Clase A,2026-08-31,1.064366
Parakeet Global - Clase A,2026-09-01,1.062966
Parakeet Global - Clase A,2026-09-02,1.063217
Parakeet Global - Clase A,2026-09-03,1.064103
Parakeet Global - Clase A,2026-09-04,1.065128
Parakeet Global - Clase A,2026-09-07,1.064941
Parakeet Global - Clase A,2026-09-08,1.064453
Parakeet Global - Clase A,2026-09-09,1.063527
Parakeet Global - Clase A,2026-09-10,1.062819
Parakeet Global - Clase A,2026-09-11,1.062906
Parakeet Global - Clase A,2026-09-14,1.062479
